,BHID,XCOLLAR,YCOLLAR,ZCOLLAR,AZ_UTM,DIP,LENGTH_M,NO_DATA,DOUBTFUL_C
0,10,294740.31,5331086.7,316.44,173.31,-43.0,39.92,,
185,10165,294394.4,5330868.32,321.16,2.31,-90.0,487.68,,
186,10166,294620.21,5330946.49,318.87,2.31,-90.0,106.68,,
495,10398,293904.49,5331161.53,317.21,2.31,-90.0,58.52,No_Assay,
496,10399,293930.68,5331151.06,318.36,2.31,-80.0,56.08,No_Assay,
499,10400,294809.99,5330977.94,317.43,182.31,-90.0,304.8,,
500,10401,294625.29,5330986.78,316.88,2.31,-90.0,298.7,,
501,10402,294459.93,5330999.38,315.36,2.31,-88.0,140.51,,
516,10416,294374.37,5330999.18,315.74,182.31,-90.0,229.51,,
522,10421,294313.99,5331026.85,317.7,2.31,-80.0,152.7,,
523,10422,294237.97,5331016.06,320.17,2.31,-90.0,488.59,,
1211,11,294741.91,5331088.71,317.05,353.31,-34.0,78.33,,
1493,11241,294081.88,5331174.75,309.53,2.31,-90.0,49.98,No_Assay,
1494,11242,294123.66,5331181.9,309.22,2.31,-90.0,42.97,No_Assay,
1517,11263,294352.69,5331225.72,308.85,2.31,-90.0,18.33,No_Assay,
1518,11264,294226.12,5331113.09,315.53,2.31,-90.0,27.27,No_Assay,
1519,11265,294580.83,5331023.39,316.08,2.31,-90.0,15.59,No_Assay,
1614,1135,294646.32,5331074.13,315.94,2.31,-90.0,67.05,,
1625,1136,294651.21,5331059.97,315.1,2.31,-90.0,61.56,,
1979,11575,294888.87,5331067.2,317.94,180.88,-80.0,255.42,,
1980,11576,294874.85,5331098.41,316.79,182.31,-90.0,77.72,,
1981,11577,294877.31,5331158.89,316.86,182.31,-74.0,103.02,,
1982,11578,294812.75,5331137.41,316.61,208.88,-88.0,237.13,,
1983,11579,294820.26,5331087.08,316.95,182.31,-85.0,115.21,,
1985,11580,294813.05,5331028.31,316.85,169.23,-86.0,218.84,,
2037,11621,294849.84,5331166.87,316.79,182.31,-76.27,91.44,,
2038,11622,294850.75,5331218.93,316.47,172.84,-76.0,99.97,,
2092,11658,294877.86,5331168.54,316.87,181.39,-74.45,274.32,,
2520,12,294686.86,5330952.54,318.46,353.31,-59.0,197.81,,
3760,13,294448.54,5330937.02,319.79,353.31,-40.0,193.85,,
4448,13614,294679.9,5331132.56,311.29,182.31,-39.0,38.4,,
4874,14,294767.94,5331100.2,316.87,191.31,-45.0,73.3,,
5251,14341,295101.89,5331044.71,317.39,358.31,-50.0,239.26,,
5252,14342,295101.89,5331044.71,317.39,2.31,-70.0,416.35,,
5253,14343,295143.61,5331057.97,315.87,2.31,-50.0,245.36,,
5254,14344,295143.61,5331057.97,315.87,2.31,-65.0,355.54,,
5255,14345,295194.81,5331079.39,314.65,2.31,-50.0,248.71,,
5317,14400,295194.81,5331079.39,314.65,2.31,-75.0,419.4,,
5949,14972,294592.29,5330889.77,324.71,2.31,-76.0,395.63,,
5950,14973,294487.84,5330858.01,324.33,2.31,-74.0,413.91,,
5951,14974,294407.0,5330833.45,321.74,2.31,-66.0,429.15,,
5952,14975,294316.76,5330806.08,324.16,2.31,-60.0,429.15,,
5953,14976,294219.54,5330863.68,323.12,2.31,-70.0,397.76,,
5954,14977,294131.26,5330919.92,321.63,2.31,-75.0,395.93,,
5955,14978,294053.15,5331134.76,312.78,182.31,-65.0,368.19,,
5979,15,294768.93,5331089.24,316.99,353.31,-36.0,95.85,,
6009,15025,294550.68,5330992.61,318.81,182.31,-49.0,185.31,,
6010,15026,294459.57,5331002.46,314.67,182.31,-50.0,264.56,,
6284,15273,295199.87,5331195.38,323.6,361.96,-60.0,397.91,,
6285,15274,295109.28,5331221.63,324.64,361.61,-44.0,277.58,,
6286,15275,293803.75,5331419.39,309.89,182.53,-65.0,502.92,,
6287,15276,293800.67,5331351.39,310.27,182.28,-59.0,426.01,,
6288,15277,293881.85,5331425.48,308.11,183.34,-59.0,426.72,,
7078,16,294797.74,5331103.84,317.02,173.31,-45.0,89.61,,
7121,16037,294838.85,5331253.7,316.51,360.94,-67.0,493.77,,
7122,16038,294881.61,5331248.89,319.04,361.43,-67.25,472.44,,
7123,16039,294783.52,5331257.55,312.76,4.04,-67.78,489.72,,
7335,16230,294308.54,5331118.67,314.89,2.31,-68.0,56.69,,
7336,16231,294311.29,5331186.03,308.98,2.31,-90.0,81.07,,
7337,16232,294312.45,5331202.17,308.76,2.31,-63.0,26.21,,
7338,16233,294312.65,5331214.99,308.81,2.31,-53.0,47.0,,
7339,16234,294311.48,5331236.71,308.62,2.31,-64.0,108.5,,
7340,16235,294283.31,5331184.4,308.53,182.31,-88.0,46.69,,
7341,16236,294283.33,5331185.21,308.55,2.31,-53.0,76.2,,
7342,16237,294283.09,5331229.07,308.37,182.31,-84.0,64.92,,
7343,16238,294251.69,5331172.15,309.62,182.31,-85.0,61.14,,
7344,16239,294251.78,5331172.15,309.59,2.31,-45.0,85.7,,
7346,16240,294257.55,5331220.6,308.14,182.31,-86.0,55.99,,
7347,16241,294229.46,5331220.17,308.8,2.31,-66.0,111.0,,
7348,16242,294229.04,5331156.84,309.64,2.31,-90.0,106.98,,
7349,16243,294229.51,5331187.95,309.41,2.31,-43.0,47.94,,
7350,16244,294229.47,5331220.63,308.79,182.31,-82.0,32.91,,
7351,16246,294201.92,5331196.49,309.4,2.31,-45.0,74.98,,
7352,16247,294202.07,5331197.34,309.31,182.31,-62.0,76.71,,
7403,16295,294202.07,5331197.34,309.31,2.31,-60.0,50.04,,
7469,16353,294202.44,5331193.87,309.28,2.31,-72.0,31.69,,
7470,16354,294201.98,5331193.59,309.28,182.31,-73.0,59.74,,
7471,16355,294231.26,5331221.88,308.66,182.31,-80.0,34.13,,
7472,16356,294229.89,5331185.18,309.3,182.31,-84.0,59.74,,
7473,16357,294262.62,5331188.48,308.81,182.31,-45.0,53.64,,
7474,16358,294262.76,5331189.61,308.72,2.31,-84.0,56.08,,
7475,16359,294283.59,5331201.95,308.51,2.31,-56.0,46.63,,
7477,16360,294284.79,5331227.87,308.57,182.31,-84.0,64.92,,
7478,16361,294311.95,5331206.32,308.55,2.31,-74.0,38.1,,
7479,16362,294619.71,5330994.36,318.91,2.31,-84.5,230.12,,
7498,16382,294311.95,5331206.38,308.46,2.31,-56.0,33.52,,
7499,16383,294284.75,5331227.85,308.55,182.31,-70.0,51.81,,
7815,16704,294325.44,5331191.59,308.55,2.31,-70.0,32.0,,
7816,16705,294326.08,5331207.27,308.55,2.31,-59.0,25.9,,
7817,16706,294326.51,5331217.96,308.55,2.31,-64.0,36.57,,
7818,16707,294326.92,5331228.13,308.55,2.31,-64.0,33.52,,
7819,16708,294270.77,5331200.45,308.55,2.31,-54.0,45.72,,
7820,16709,294271.22,5331211.59,308.55,2.31,-51.0,33.52,,
7822,16710,294297.67,5331206.38,308.55,2.31,-61.0,38.1,,
7823,16711,294298.01,5331214.66,308.55,2.31,-58.0,36.57,,
7824,16712,294256.78,5331192.53,308.55,2.31,-50.0,45.72,,
7825,16713,294257.28,5331204.81,308.55,2.31,-47.5,36.57,,
7826,16714,294284.27,5331193.4,308.55,2.31,-54.5,44.19,,
7827,16715,294285.08,5331213.38,308.55,2.31,-53.0,35.05,,
7828,16716,294285.37,5331220.45,308.55,182.31,-79.0,35.35,,
7829,16717,294312.45,5331211.33,308.55,2.31,-63.0,30.48,,
7830,16718,294312.91,5331222.6,308.55,2.31,-54.0,30.48,,
7841,16728,294339.72,5331214.34,308.55,2.31,-74.0,18.28,,
7842,16729,294340.04,5331222.11,308.55,2.31,-74.0,16.76,,
7844,16730,294340.41,5331231.25,308.55,2.31,-74.0,33.52,,
7845,16731,294326.51,5331223.27,308.55,2.31,-64.0,24.38,,
7846,16732,294299.86,5331235.63,308.55,182.31,-75.0,32.0,,
7847,16733,294298.45,5331200.76,308.55,2.31,-60.0,36.57,,
7848,16734,294272.29,5331228.97,308.55,182.31,-81.0,27.43,,
7849,16735,294271.87,5331218.46,308.55,182.31,-83.0,30.48,,
7850,16736,294271.01,5331197.3,308.55,2.31,-72.0,32.0,,
8141,17,294799.86,5331085.39,317.08,353.31,-35.0,60.5,,
8763,17563,294367.45,5331213.53,308.55,2.31,-65.0,22.25,,
8764,17564,294367.7,5331219.62,308.55,2.31,-65.0,32.3,,
8765,17565,294368.01,5331227.23,308.55,2.31,-65.0,31.08,,
8766,17566,294368.44,5331237.89,308.55,2.31,-65.0,32.61,,
8767,17567,294394.86,5331212.42,308.55,2.31,-65.0,46.93,,
8768,17568,294395.35,5331224.6,308.55,2.31,-65.0,38.7,,
8769,17569,294395.85,5331236.78,308.55,2.31,-65.0,31.08,,
8771,17570,294422.52,5331217.4,308.55,2.31,-65.0,31.08,,
8772,17571,294423.01,5331229.58,308.55,2.31,-65.0,44.8,,
8773,17572,294450.05,5331219.34,308.55,2.31,-65.0,31.39,,
8774,17573,294450.54,5331231.52,308.55,2.31,-65.0,41.45,,
8786,17586,294339.73,5331207.02,308.55,2.31,-70.0,22.55,,
8787,17587,294229.66,5331200.8,308.55,2.31,-45.0,40.53,,
8788,17588,294202.01,5331195.82,308.55,2.31,-90.0,39.01,,
8789,17589,294173.74,5331175.61,308.55,2.31,-45.0,52.12,,
8791,17590,294174.35,5331190.83,308.55,2.31,-45.0,44.5,,
8792,17591,294145.96,5331167.58,308.55,2.31,-40.0,62.48,,
8793,17592,294146.57,5331182.81,308.55,2.31,-40.0,53.03,,
8794,17593,294161.26,5331206.62,308.55,2.31,-90.0,39.01,,
8795,17594,294147.43,5331204.13,308.55,182.31,-85.0,51.2,,
8803,17600,294339.43,5331199.41,308.55,2.31,-75.0,32.91,,
8804,17601,294367.2,5331207.44,308.55,2.31,-65.0,26.51,,
8805,17602,294395.85,5331236.78,308.55,2.31,-90.0,42.06,,
8806,17603,294394.37,5331200.24,308.55,2.31,-65.0,36.88,,
8807,17604,294422.76,5331223.49,308.55,2.31,-65.0,32.61,,
8808,17605,294423.26,5331235.67,308.55,2.31,-65.0,19.2,,
8809,17606,294450.91,5331240.66,308.55,2.31,-65.0,42.06,No_Assay,
8810,17607,294463.75,5331218.78,308.55,2.31,-65.0,29.87,,
8811,17608,294464.25,5331230.96,308.55,2.31,-65.0,39.01,,
8812,17609,294213.49,5331140.44,308.55,2.31,-70.0,51.81,,
8814,17610,294213.49,5331140.44,308.55,2.31,-50.0,35.96,,
8815,17611,294213.49,5331140.44,308.55,182.31,-30.0,50.9,,
8816,17612,294199.79,5331141.0,308.55,2.31,-75.0,45.11,,
8817,17613,294199.79,5331141.0,308.55,2.31,-65.0,32.91,,
8818,17614,294199.79,5331141.0,308.55,182.31,-35.0,52.73,,
8819,17615,294185.72,5331132.42,308.55,2.31,-70.0,45.11,,
8820,17616,294185.72,5331132.42,308.55,2.31,-50.0,29.87,,
8821,17617,294185.72,5331132.42,308.55,182.31,-40.0,39.01,,
8844,17638,294368.93,5331250.07,308.55,182.31,-70.0,35.96,,
8845,17639,294423.38,5331238.72,308.55,182.31,-80.0,35.66,,
8847,17640,294445.25,5331243.94,308.55,2.31,-90.0,35.96,,
8848,17641,294465.05,5331250.76,308.55,182.31,-70.0,35.35,,
8849,17642,294491.29,5331220.72,308.55,2.31,-65.0,39.01,,
8850,17643,294496.35,5331232.72,308.55,2.31,-65.0,39.01,,
8851,17644,294518.7,5331219.61,308.55,2.31,-65.0,39.01,,
8852,17645,294519.19,5331231.79,308.55,2.31,-65.0,39.01,,
8880,17670,294519.68,5331243.97,308.55,182.31,-63.0,36.57,,
8881,17671,294549.15,5331218.38,308.55,2.31,-60.0,39.62,,
8882,17672,294549.15,5331218.38,308.55,2.31,-45.0,39.01,,
8883,17673,294573.64,5331220.44,308.55,2.31,-65.0,36.88,,
8884,17674,294573.95,5331228.05,308.55,2.31,-65.0,39.01,,
9060,17837,294419.05,5331147.93,316.17,182.31,-85.0,92.99,,
9061,17838,294419.05,5331147.93,316.17,182.31,-45.0,106.98,,
9062,17839,294416.63,5331081.13,315.01,182.31,-45.0,44.8,,
9064,17840,294511.7,5331267.8,310.43,182.31,-45.0,91.98,,
9065,17841,294507.54,5331159.67,315.62,182.31,-45.0,91.65,,
9066,17842,294507.54,5331159.67,315.62,2.31,-45.0,76.96,,
9067,17843,294504.05,5331082.89,314.65,182.31,-60.0,77.41,,
9068,17844,294611.79,5331258.55,311.6,182.31,-45.0,91.98,,
9069,17845,294607.85,5331157.99,316.51,182.31,-45.0,76.99,,
9070,17846,294607.53,5331158.7,316.62,2.31,-45.0,76.99,,
9071,17847,294604.33,5331077.24,315.35,182.31,-60.0,91.74,,
9081,17856,294416.66,5331081.74,315.01,182.31,-60.0,77.99,,
9107,17881,294481.33,5331171.23,314.3,2.31,-55.0,80.01,,
9108,17882,294481.33,5331171.23,314.3,2.31,-40.0,98.99,,
9109,17883,294483.31,5331213.68,308.97,2.31,-45.0,62.11,,
9110,17884,294535.59,5331183.17,316.58,2.31,-45.0,107.99,,
9111,17885,294535.62,5331184.08,316.58,2.31,-60.0,79.55,,
9112,17886,294537.68,5331221.94,312.35,2.31,-45.0,61.99,,
9118,17890,294562.29,5331175.6,313.44,2.31,-60.0,60.96,,
9119,17891,294562.34,5331176.9,313.44,2.31,-40.0,105.0,,
9120,17892,294563.85,5331209.04,312.58,2.31,-45.0,63.09,,
9121,17893,294589.76,5331162.67,316.23,2.31,-55.0,61.99,,
9122,17894,294589.78,5331163.78,316.24,2.31,-40.0,89.61,,
9123,17895,294589.17,5331210.35,311.84,2.31,-45.0,76.5,,
9124,17896,294593.49,5331250.58,311.05,2.31,-43.0,77.41,,
9125,17897,294596.25,5331309.53,309.99,2.31,-45.0,61.99,,
9126,17898,294452.59,5331158.62,312.92,2.31,-60.0,84.0,,
9127,17899,294452.59,5331158.62,312.92,2.31,-40.0,65.01,,
9130,17900,294422.3,5331166.68,312.16,182.31,-60.0,61.99,,
9131,17901,294422.38,5331161.68,312.34,2.31,-60.0,77.99,,
9132,17902,294422.38,5331160.19,312.64,2.31,-40.0,60.99,,
9152,17920,294367.06,5331162.6,315.44,2.31,-45.0,50.74,,
9153,17921,294367.23,5331160.74,315.65,2.31,-65.0,52.48,,
9154,17922,294314.81,5331155.08,313.72,2.31,-40.0,50.29,,
9155,17923,294314.81,5331153.87,313.88,2.31,-60.0,55.99,,
9156,17924,294641.77,5331172.41,313.54,2.31,-60.0,77.51,,
9157,17925,294641.77,5331172.41,313.54,2.31,-40.0,82.6,,
9158,17926,294643.77,5331205.4,311.7,2.31,-45.0,61.99,,
9159,17927,294508.01,5331178.39,315.17,2.31,-45.0,48.0,,
9160,17928,294508.55,5331198.59,314.78,2.31,-45.0,47.0,,
9161,17929,294641.77,5331173.33,313.54,182.31,-55.0,65.98,,
9163,17930,294482.34,5331204.76,310.53,182.31,-75.0,54.01,,
9164,17931,294537.19,5331234.21,313.51,182.31,-83.0,49.07,,
9165,17932,294536.09,5331200.97,313.38,182.31,-75.0,49.49,,
9166,17933,294564.75,5331228.39,313.48,182.31,-86.0,54.01,,
9167,17934,294563.97,5331204.75,314.26,2.31,-90.0,56.99,,
9168,17935,294510.09,5331234.54,313.16,182.31,-83.0,39.01,,
9169,17936,294508.89,5331205.58,313.06,182.31,-79.0,50.99,,
9170,17937,294727.07,5331202.99,316.12,2.31,-45.0,75.01,,
9171,17938,294727.17,5331169.91,316.19,2.31,-47.0,75.01,,
9172,17939,294706.05,5331372.3,308.9,2.31,-45.0,90.0,,
9174,17940,294777.53,5331169.74,315.88,2.31,-47.0,75.01,,
9175,17941,294788.05,5331208.39,314.79,2.31,-45.0,75.01,,
9176,17942,294704.77,5331325.59,310.58,2.31,-45.0,90.0,,
9177,17943,294832.55,5331185.47,316.16,2.31,-47.0,75.01,,
9178,17944,294831.56,5331139.01,316.34,2.31,-48.0,71.99,,
9179,17945,294816.21,5331352.57,309.97,2.31,-47.0,90.0,,
9180,17946,294884.49,5331175.08,316.92,2.31,-45.0,75.01,,
9181,17947,294886.34,5331130.54,316.86,2.31,-47.0,75.01,,
9182,17948,294696.4,5331211.46,316.76,2.31,-50.0,42.0,,
9183,17949,294695.99,5331193.4,317.08,2.31,-52.0,35.99,,
9185,17950,294702.66,5331277.65,314.72,2.31,-45.0,90.0,,
9186,17951,294482.8,5331239.3,312.74,182.31,-72.0,54.01,,
9187,17952,294592.22,5331227.31,311.29,182.31,-88.0,35.99,,
9188,17953,294668.5,5331194.26,315.51,2.31,-47.0,74.67,,
9189,17954,294670.5,5331164.05,314.95,2.31,-47.0,81.07,,
9190,17955,294592.45,5331233.1,311.29,182.31,-84.0,50.99,,
9191,17956,294591.2,5331202.03,311.6,182.31,-84.0,48.0,,
9192,17957,294548.13,5331173.58,312.88,2.31,-40.0,83.51,,
9193,17958,294620.05,5331205.3,311.88,5.31,-46.0,78.02,,
9194,17959,294617.19,5331165.05,313.87,2.31,-45.0,71.99,,
9200,17964,294643.25,5331218.9,310.73,182.31,-85.0,50.99,,
9201,17965,294650.42,5331195.67,313.43,182.31,-84.0,50.5,,
9211,17974,294475.01,5331047.42,315.26,2.31,-90.0,54.01,,
9212,17975,294477.84,5331114.5,314.65,2.31,-90.0,60.04,,
9213,17976,294480.18,5331172.36,314.34,2.31,-90.0,54.01,,
9214,17977,294419.29,5331028.25,313.38,2.31,-90.0,60.04,,
9215,17978,294489.48,5331067.9,314.59,2.31,-90.0,60.01,,
9216,17979,294367.41,5331105.54,315.43,2.31,-90.0,60.01,,
9218,17980,294365.72,5331060.92,315.2,2.31,-90.0,60.01,,
9219,17981,294504.07,5331091.03,314.62,2.31,-90.0,42.0,,
9220,17982,294507.1,5331159.07,315.56,2.31,-90.0,48.0,,
9221,17983,294532.48,5331107.47,316.45,2.31,-90.0,48.0,,
9222,17984,294533.37,5331133.65,314.94,2.31,-90.0,54.01,No_Assay,
9223,17985,294557.73,5331053.3,314.65,2.31,-90.0,60.01,,
9224,17986,294558.77,5331079.19,314.65,2.31,-90.0,48.0,,
9225,17987,294311.09,5331063.42,316.72,2.31,-90.0,60.01,,
9226,17988,294312.16,5331093.8,315.49,2.31,-90.0,60.04,,
9227,17989,294243.65,5331075.25,321.71,2.31,-90.0,60.01,,
9231,17992,294733.45,5331215.82,317.11,182.31,-85.0,44.98,,
9232,17993,294732.35,5331184.01,317.75,182.31,-85.0,48.0,,
9233,17994,294696.16,5331195.2,317.08,182.31,-56.0,27.49,No_Assay,
9234,17995,294815.63,5331321.66,309.93,2.31,-45.0,75.01,,
9235,17996,294821.64,5331282.11,312.83,2.31,-45.0,74.49,,
9236,17997,294810.95,5331244.94,313.87,2.31,-45.0,71.96,,
9239,18,294840.2,5331013.4,317.63,353.31,-35.0,151.02,,
9249,18007,294700.45,5331230.94,315.49,2.31,-45.0,90.0,,
9250,18008,294482.23,5331246.72,311.73,2.31,-45.0,96.01,,
9251,18009,294483.34,5331288.15,310.38,2.31,-45.0,88.39,,
9253,18010,294485.25,5331335.36,309.77,2.31,-45.0,90.0,No_Assay,
9254,18011,294486.57,5331379.93,308.6,2.31,-45.0,90.0,,
9255,18012,294262.4,5331255.91,309.46,2.31,-45.0,89.91,,
9256,18013,294264.82,5331307.0,309.8,2.31,-45.0,90.0,,
9257,18014,294267.2,5331350.59,308.32,2.31,-45.0,92.65,,
9260,18018,294817.55,5331405.8,308.85,2.31,-45.0,90.0,,
9261,18019,294696.72,5331212.74,315.54,182.31,-85.0,47.7,,
9263,18020,294695.85,5331187.43,317.08,182.31,-84.0,48.0,,
9267,18024,294619.43,5331221.33,311.6,182.31,-82.0,50.29,,
9268,18025,294618.78,5331205.19,311.6,182.31,-82.0,42.48,,
9269,18026,294416.11,5331059.03,314.95,182.31,-45.0,90.0,,
9270,18027,294548.13,5331173.58,312.88,182.31,-45.0,75.01,,
9271,18028,294619.15,5331104.12,314.62,2.31,-90.0,32.49,,
9277,18033,294531.93,5331094.31,314.95,2.31,-90.0,21.0,,
9278,18034,294531.44,5331082.13,314.65,2.31,-90.0,18.98,,
9279,18035,294504.83,5331103.03,314.65,2.31,-90.0,18.01,No_Assay,
9280,18036,294491.6,5331100.21,314.65,2.31,-90.0,20.42,,
9281,18037,294463.49,5331099.21,314.65,2.31,-90.0,21.0,,
9282,18038,294559.35,5331093.51,314.65,2.31,-90.0,21.0,,
9283,18039,294486.12,5331093.11,314.65,182.31,-47.0,77.96,,
9285,18040,294464.55,5331125.41,314.65,182.31,-45.0,63.48,,
9294,18049,294489.76,5331069.78,314.65,182.31,-45.0,44.98,,
9296,18050,293917.87,5331186.13,314.54,182.31,-58.0,61.69,,
9297,18051,294391.2,5331126.19,314.23,182.31,-45.0,54.01,,
9298,18052,294390.22,5331099.89,314.87,182.31,-45.0,54.01,,
9299,18053,294418.13,5331108.78,314.24,182.31,-45.0,44.98,,
9300,18054,294445.79,5331112.05,313.8,182.31,-45.0,54.01,,
9301,18055,294439.8,5331086.66,314.89,2.31,-90.0,35.99,No_Assay,
9302,18056,294430.95,5331081.8,314.34,2.31,-90.0,35.38,,
9303,18057,294462.51,5331096.62,314.28,182.31,-45.0,65.98,,
9310,18063,294788.08,5331319.51,312.02,2.31,-45.0,92.99,,
9311,18064,294815.94,5331342.72,310.1,2.31,-50.0,63.0,,
9312,18065,294840.02,5331323.15,313.86,2.31,-45.0,91.74,,
9313,18066,294786.4,5331450.81,309.54,2.31,-45.0,93.57,,
9314,18067,294819.73,5331446.8,308.94,2.31,-45.0,98.14,,
9316,18069,294847.08,5331459.95,313.13,2.31,-45.0,96.98,,
9317,18069A,294845.66,5331459.57,314.65,2.31,-45.0,48.49,,
9320,18071,294418.28,5331112.64,314.65,2.31,-90.0,23.98,,
9321,18072,294418.28,5331112.64,314.65,182.31,-65.0,44.98,,
9322,18073,294673.3,5331210.79,314.99,2.31,-72.0,29.99,,
9323,18074,294670.81,5331187.65,315.32,2.31,-78.0,29.99,,
9324,18075,294669.76,5331177.44,315.12,182.31,-55.0,21.0,No_Assay,
9325,18076,294700.3,5331204.82,315.48,2.31,-75.0,35.99,,
9326,18077,294698.24,5331181.05,316.03,2.31,-75.0,35.99,,
9327,18078,294696.33,5331161.72,316.01,182.31,-64.0,27.0,,
9328,18079,294732.68,5331210.43,316.03,2.31,-90.0,48.0,,
9330,18080,294730.47,5331182.8,316.28,182.31,-86.0,44.98,,
9331,18081,294729.77,5331172.45,316.21,182.31,-58.0,29.99,,
9332,18082,294758.46,5331189.96,316.19,2.31,-45.0,44.98,,
9333,18083,294757.18,5331173.54,316.43,2.31,-45.0,63.0,,
9334,18084,294756.84,5331169.56,316.35,182.31,-58.0,39.01,,
9335,18085,294781.91,5331191.45,315.04,2.31,-45.0,42.0,,
9336,18086,294779.24,5331166.76,315.87,182.31,-68.0,39.01,,
9337,18087,294809.78,5331187.37,316.36,2.31,-45.0,59.74,,
9338,18088,294806.66,5331165.35,316.84,2.31,-45.0,60.01,,
9339,18089,294805.25,5331153.78,316.8,182.31,-55.0,48.0,,
9349,18098,294545.43,5331108.92,314.96,182.31,-45.0,60.01,,
9350,18099,294547.61,5331145.66,314.8,182.31,-45.0,56.99,,
9353,18100,294544.78,5331062.13,315.04,2.31,-45.0,33.0,,
9354,18101,294529.06,5331105.59,314.9,182.31,-60.0,23.98,No_Assay,
9355,18102,294525.87,5331063.01,314.86,2.31,-45.0,54.04,,
9356,18103,294522.05,5331010.79,315.65,2.31,-80.0,21.0,,
9357,18104,294516.29,5330991.32,318.22,2.31,-90.0,65.98,No_Assay,
9358,18105,294489.8,5331073.87,315.02,2.31,-45.0,60.01,,
9359,18106,294487.78,5331034.6,315.26,2.31,-78.0,48.0,,
9360,18107,294472.02,5331080.02,314.98,2.31,-45.0,48.0,,
9361,18108,294453.22,5331088.83,314.95,182.31,-45.0,29.99,,
9362,18109,294444.57,5331092.84,314.95,2.31,-45.0,35.99,,
9364,18110,294433.36,5331068.52,315.54,2.31,-50.0,71.99,,
9365,18111,294433.02,5331036.72,314.97,2.31,-60.0,54.01,,
9367,18112,294433.01,5331031.84,314.94,182.31,-45.0,90.0,,
9369,18113,294417.53,5331094.06,314.94,182.31,-58.0,29.99,,
9370,18114,294415.53,5331044.72,315.26,182.31,-86.0,54.01,,
9371,18115,294414.88,5331026.32,315.51,182.31,-45.0,75.01,,
9372,18116,294408.45,5331095.64,315.09,2.31,-45.0,33.0,,
9373,18117,294480.25,5331171.96,312.41,182.31,-55.0,81.07,,
9374,18118,294406.18,5331032.9,315.33,2.31,-45.0,54.01,,
9375,18119,294405.86,5331027.33,315.56,182.31,-45.0,54.01,,
9377,18120,294389.58,5331088.78,315.51,2.31,-45.0,35.99,,
9378,18121,294389.13,5331059.39,315.03,2.31,-45.0,50.99,,
9379,18122,294381.1,5331088.06,315.17,2.31,-45.0,44.98,,
9380,18123,294383.03,5331146.09,314.65,182.31,-45.0,48.0,,
9381,18124,294369.24,5331133.44,314.58,182.31,-56.0,33.0,,
9382,18125,294367.04,5331090.3,315.87,2.31,-45.0,33.0,,
9383,18126,294364.92,5331037.92,315.56,2.31,-45.0,42.0,,
9384,18127,294478.71,5331136.12,313.12,182.31,-55.0,56.38,,
9385,18128,294364.13,5331018.12,315.78,182.31,-45.0,90.0,,
9386,18129,294292.21,5331164.19,308.45,182.31,-52.0,54.01,,
9388,18130,294292.03,5331155.9,310.47,2.31,-45.0,56.69,,
9389,18131,294290.96,5331127.68,314.93,182.31,-45.0,44.98,,
9390,18132,294289.78,5331103.19,314.65,182.31,-62.0,48.0,,
9391,18133,294286.69,5331048.07,319.01,182.31,-45.0,92.99,,
9392,18134,294287.84,5331033.47,318.63,2.31,-45.0,63.0,,
9393,18135,294230.9,5331157.58,309.35,2.31,-45.0,63.09,,
9394,18136,294146.59,5331127.47,311.56,2.31,-45.0,63.7,,
9395,18137,294146.59,5331127.47,311.56,2.31,-70.0,60.01,,
9396,18138,294146.64,5331060.17,321.07,2.31,-45.0,98.14,,
9397,18139,294147.78,5331082.41,321.12,182.31,-45.0,96.01,,
9421,18160,294596.6,5331340.03,311.81,2.31,-45.0,92.5,,
9422,18161,294596.82,5331386.97,308.39,2.31,-45.0,92.65,,
9423,18162,294600.33,5331426.18,308.28,2.31,-45.0,92.65,,
9424,18163,294372.38,5331274.34,314.65,2.31,-45.0,62.51,,
9425,18164,294373.48,5331300.74,309.76,2.31,-45.0,92.5,,
9426,18165,294375.56,5331346.75,308.97,2.31,-45.0,92.5,,
9427,18166,294377.18,5331391.43,308.34,2.31,-45.0,93.57,,
9428,18167,294152.78,5331240.55,309.06,2.31,-45.0,94.48,,
9429,18168,294155.13,5331285.84,308.28,2.31,-45.0,92.5,,
9430,18169,294157.24,5331332.52,308.09,2.31,-45.0,92.5,,
9432,18170,294158.07,5331378.03,308.02,2.31,-45.0,92.65,No_Assay,
9433,18171,294651.84,5331355.16,311.52,2.31,-45.0,92.04,,
9434,18172,294650.05,5331307.85,311.91,2.31,-45.0,92.5,,
9435,18173,294808.51,5331306.81,312.24,2.31,-45.0,91.98,,
9438,18176,294151.33,5331210.62,309.09,2.31,-45.0,85.49,,
9439,18177,294671.31,5331224.94,314.85,182.31,-70.0,75.01,,
9440,18178,294686.82,5331224.49,315.19,182.31,-70.0,60.01,,
9441,18179,294685.5,5331209.75,315.44,2.31,-70.0,48.0,,
9443,18180,294714.21,5331226.65,316.63,182.31,-75.0,60.01,,
9444,18181,294713.4,5331205.79,315.8,2.31,-65.0,84.0,,
9446,18183,294868.18,5331434.87,313.35,2.31,-45.0,98.14,,
9448,18185,294700.44,5331221.87,315.87,182.31,-70.0,71.99,,
9449,18186,294730.42,5331272.24,311.96,182.31,-60.0,113.99,,
9450,18187,294751.31,5331227.4,313.12,182.31,-70.0,71.99,,
9451,18188,294756.2,5331205.88,316.25,2.31,-65.0,48.03,,
9452,18189,294780.41,5331225.89,313.97,182.31,-65.0,61.99,,
9454,18190,294785.51,5331195.24,315.06,2.31,-65.0,63.0,,
9455,18191,294807.16,5331220.66,314.01,182.31,-70.0,80.98,,
9456,18192,294806.28,5331193.49,316.14,2.31,-65.0,56.99,,
9457,18193,294809.65,5331169.71,316.71,182.31,-75.0,56.99,,
9458,18194,294835.1,5331206.11,316.12,182.31,-70.0,77.72,,
9459,18195,294831.38,5331189.54,316.21,2.31,-70.0,46.51,,
9460,18196,294861.08,5331189.47,316.47,2.31,-45.0,80.01,,
9461,18197,294862.33,5331153.97,316.35,2.31,-45.0,82.96,,
9462,18198,294886.84,5331158.04,316.47,2.31,-45.0,61.99,,
9463,18199,294883.74,5331081.3,316.78,2.31,-45.0,92.99,,
9466,18200,294881.93,5331101.63,316.91,2.31,-45.0,38.0,,
9467,18201,294925.09,5331206.16,319.82,2.31,-45.0,76.99,,
9468,18202,294924.25,5331170.32,317.06,2.31,-45.0,76.99,,
9469,18203,294961.59,5331189.19,318.64,2.31,-45.0,90.52,,
9470,18204,294968.83,5331140.39,318.15,2.31,-45.0,91.98,,
9471,18205,294957.67,5331098.47,318.26,2.31,-45.0,95.0,,
9472,18206,294955.86,5331048.36,319.46,2.31,-45.0,97.04,,
9473,18207,294953.93,5331006.77,318.54,2.31,-45.0,91.98,,
9474,18208,294997.18,5331174.75,319.04,2.31,-45.0,91.98,,
9475,18209,294996.1,5331145.63,318.72,2.31,-45.0,91.98,,
9477,18210,295089.01,5331195.29,326.34,2.31,-45.0,91.98,,
9478,18211,295088.1,5331153.23,325.18,2.31,-45.0,91.98,,
9479,18212,295103.6,5331083.08,324.85,2.31,-45.0,91.98,,
9480,18213,295103.6,5331083.08,324.85,182.31,-45.0,61.99,,
9481,18214,294349.58,5331090.71,315.82,2.31,-64.0,69.0,,
9482,18215,294350.51,5331133.98,311.9,182.31,-45.0,86.98,,
9483,18216,294345.28,5331004.86,317.69,2.31,-45.0,90.0,,
9484,18217,294352.47,5331178.05,312.12,182.31,-45.0,98.75,,
9485,18218,294331.78,5331153.69,311.79,182.31,-56.0,42.0,,
9486,18219,294327.69,5331082.71,316.28,2.31,-45.0,44.98,,
9488,18220,294314.78,5331140.62,313.22,182.31,-51.0,71.99,,
9489,18221,294310.5,5331079.41,316.82,2.31,-45.0,48.0,,
9490,18222,294311.47,5331007.66,318.46,2.31,-45.0,75.01,,
9491,18223,294272.0,5331130.57,313.29,182.31,-45.0,48.0,,
9492,18224,294269.9,5331091.43,316.08,2.31,-45.0,48.0,,
9493,18225,294253.87,5331120.51,314.04,182.31,-45.0,71.99,,
9494,18226,294253.71,5331029.03,320.42,2.31,-45.0,60.01,,
9495,18227,294236.37,5331020.46,320.51,2.31,-45.0,92.65,,
9496,18228,294236.12,5331111.55,314.0,182.31,-45.0,75.01,,
9497,18229,294218.59,5331129.83,312.18,182.31,-45.0,54.01,,
9499,18230,294200.37,5331160.53,309.59,182.31,-65.0,54.01,,
9500,18231,294199.63,5331131.76,311.02,182.31,-65.0,35.99,,
9501,18232,294199.42,5331131.77,311.02,182.31,-45.0,69.0,,
9502,18233,294181.47,5331138.35,311.29,182.31,-45.0,33.22,,
9503,18234,294179.44,5331088.22,321.03,2.31,-45.0,42.0,,
9513,18243,294992.12,5331062.42,326.32,2.31,-45.0,76.99,,
9514,18244,294995.01,5331097.78,326.46,2.31,-45.0,63.48,,
9515,18245,294990.77,5331027.58,321.03,2.31,-45.0,74.0,,
9516,18246,295029.11,5331061.35,326.27,2.31,-45.0,94.91,,
9517,18247,295030.55,5331088.78,326.06,2.31,-45.0,49.98,No_Assay,
9518,18248,295029.11,5331061.35,326.27,182.31,-45.0,55.99,,
9519,18249,294599.09,5331035.98,315.72,2.31,-70.0,15.54,,
9521,18250,295068.92,5331128.5,325.32,182.31,-45.0,61.99,,
9522,18251,294990.77,5331027.58,321.03,182.31,-45.0,49.98,,
9523,18252,295103.44,5331121.4,324.81,2.31,-45.0,91.98,,
9526,18255,294380.0,5331064.49,315.77,2.31,-45.0,75.01,,
9527,18256,294625.51,5331032.26,315.26,182.31,-45.0,35.99,,
9528,18257,294366.62,5331077.51,315.69,2.31,-62.0,54.01,,
9529,18258,294347.35,5331071.88,316.04,2.31,-74.0,65.98,,
9530,18259,294330.99,5331100.91,315.57,182.31,-45.0,75.01,,
9532,18260,294270.19,5331091.2,315.77,182.31,-67.0,59.74,,
9533,18261,294250.44,5331071.93,320.82,2.31,-60.0,44.98,,
9534,18262,294231.29,5331094.79,321.58,2.31,-53.0,39.01,,
9535,18263,294229.06,5331056.23,321.91,2.31,-50.0,56.99,,
9536,18264,294212.99,5331094.71,322.94,2.31,-60.0,53.18,,
9543,18274,294149.51,5331138.61,313.54,182.31,-82.0,70.98,,
9544,18275,294173.79,5331138.57,310.84,182.31,-85.0,52.42,,
9545,18276,294166.4,5331117.15,312.28,182.31,-45.0,50.99,,
9546,18277,294212.99,5331094.71,322.94,182.31,-56.0,54.01,,
9547,18278,294186.89,5331152.29,309.63,182.31,-82.0,56.38,,
9548,18279,294202.35,5331094.28,322.07,2.31,-67.0,42.21,,
9550,18280,294201.41,5331089.9,322.25,182.31,-80.0,54.01,,
9562,18291,295033.31,5331159.13,321.35,182.31,-45.0,62.51,,
9563,18292,294381.57,5331110.15,314.65,182.31,-62.0,67.97,,
9564,18295,294311.94,5331124.78,314.6,182.31,-48.0,44.01,,
9565,18296,294317.51,5331088.37,315.91,182.31,-65.0,47.0,,
9566,18297,294291.79,5331149.14,310.79,182.31,-45.0,48.0,,
9567,18298,294286.38,5331052.42,318.42,2.31,-45.0,54.01,,
9568,18299,294271.77,5331124.05,313.78,2.31,-45.0,69.0,,
9571,18300,294589.82,5331162.83,314.23,2.31,-80.0,44.01,,
9572,18301,294589.82,5331162.83,314.23,182.31,-70.0,65.98,,
9573,18302,294588.53,5331151.29,314.09,182.31,-60.0,54.01,,
9574,18303,294588.71,5331140.52,314.04,182.31,-60.0,50.99,,
9575,18304,294639.82,5331159.8,314.04,2.31,-62.0,60.01,,
9576,18305,294639.69,5331156.45,314.04,182.31,-57.0,63.0,,
9577,18306,294669.75,5331208.92,315.43,182.31,-70.0,69.0,,
9578,18307,294672.11,5331188.79,315.69,182.31,-70.0,65.98,,
9579,18308,294670.65,5331245.55,314.55,182.31,-70.0,75.01,,
9580,18309,294712.58,5331194.47,316.18,2.31,-65.0,50.99,,
9582,18310,294712.58,5331194.47,316.18,182.31,-68.0,56.99,,
9583,18311,294715.13,5331179.11,316.63,182.31,-60.0,77.99,,
9595,18325,294322.9,5331130.22,314.65,182.31,-58.0,44.98,,
9596,18326,294322.49,5331120.17,314.65,182.31,-58.0,33.83,,
9597,18327,294322.05,5331109.21,315.56,182.31,-58.0,33.98,,
9598,18328,294300.17,5331132.39,314.4,182.31,-45.0,47.0,,
9599,18329,294299.95,5331122.49,314.71,182.31,-45.0,46.63,,
9601,18330,294273.39,5331145.34,310.75,182.31,-45.0,52.18,,
9602,18331,294271.81,5331119.08,313.9,182.31,-45.0,46.51,,
9607,18336,294575.79,5331160.56,316.17,182.31,-45.0,56.99,,
9608,18337,294625.51,5331032.26,315.26,2.31,-70.0,14.99,,
9609,18338,294654.87,5331172.13,313.19,182.31,-45.0,69.0,,
9610,18339,294811.44,5331166.55,316.83,182.31,-45.0,75.01,,
9612,18340,294822.07,5331143.43,316.33,182.31,-45.0,60.01,,
9613,18341,294840.41,5331152.78,316.35,182.31,-45.0,69.0,,
9614,18342,294858.4,5331145.01,316.49,182.31,-45.0,63.0,,
9615,18343,294902.52,5331133.89,316.96,182.31,-45.0,68.0,,
9616,18344,294935.5,5331137.01,318.87,182.31,-55.0,77.99,,
9617,18345,294888.19,5331185.47,316.96,182.31,-50.0,76.68,,
9618,18346,294588.83,5331036.37,315.87,182.31,-75.0,29.68,,
9619,18347,294588.83,5331036.37,315.87,2.31,-65.0,27.0,,
9620,18348,294634.77,5331034.94,315.26,2.31,-45.0,13.5,,
9621,18349,294634.77,5331034.94,315.26,2.31,-77.0,13.5,,
9623,18350,294634.77,5331034.94,315.26,182.31,-45.0,35.99,,
9624,18351,294570.61,5331110.83,315.12,182.31,-64.0,49.01,,
9625,18352,294572.79,5331101.35,315.17,182.31,-56.0,69.0,,
9626,18353,294574.43,5331087.77,315.14,182.31,-56.0,55.47,,
9627,18354,294603.86,5331098.93,315.3,2.31,-55.0,48.0,,
9628,18355,294603.86,5331098.93,315.3,182.31,-52.0,56.99,,
9629,18357,294873.89,5331190.08,316.76,182.31,-45.0,89.0,,
9630,18358,294870.15,5331136.91,316.95,182.31,-65.0,63.0,,
9631,18359,294870.5,5331098.64,316.97,182.31,-60.0,35.99,,
9633,18360,294868.96,5331084.76,316.58,182.31,-45.0,42.0,,
9634,18361,294944.37,5331222.89,319.0,182.31,-80.0,63.0,,
9635,18362,295019.36,5331233.52,322.96,182.31,-80.0,62.48,,
9636,18363,295040.76,5331236.38,319.69,2.31,-45.0,35.99,,
9639,18366,294665.59,5331161.84,314.54,182.31,-70.0,59.43,,
9640,18367,294665.59,5331161.84,314.54,182.31,-45.0,55.99,,
9641,18368,294663.62,5331122.32,315.88,182.31,-84.0,48.0,,
9642,18369,294663.62,5331122.32,315.88,182.31,-58.0,49.98,,
9644,18370,294622.8,5331105.4,315.45,2.31,-75.0,29.56,,
9645,18371,294622.8,5331105.4,315.45,182.31,-75.0,33.0,,
9646,18372,294622.8,5331105.4,315.45,182.31,-45.0,41.45,,
9647,18373,294383.91,5331168.02,314.65,2.31,-58.0,69.0,,
9648,18374,294383.91,5331168.02,314.65,182.31,-60.0,47.15,,
9649,18375,294383.04,5331146.4,314.65,182.31,-70.0,59.13,,
9650,18376,294365.62,5331168.15,314.65,182.31,-74.0,49.98,,
9651,18377,294364.96,5331166.31,314.07,182.31,-45.0,63.0,,
9652,18378,294351.24,5331174.65,312.44,182.31,-70.0,59.49,,
9653,18379,294350.92,5331158.62,312.79,182.31,-45.0,47.0,,
9655,18380,294332.11,5331155.05,312.15,2.31,-45.0,71.99,,
9656,18381,294332.11,5331155.05,312.15,2.31,-70.0,48.0,,
9657,18382,294331.12,5331135.07,314.03,182.31,-58.0,41.14,,
9664,18389,294816.22,5331374.47,309.7,182.31,-65.0,84.0,,
9666,18390,294811.31,5331213.87,315.26,182.31,-70.0,66.99,,
9667,18391,294830.55,5331179.6,316.19,182.31,-60.0,85.03,,
9668,18392,294830.97,5331144.87,316.33,182.31,-64.0,96.01,,
9669,18393,294830.71,5331130.82,316.51,182.31,-60.0,126.0,,
9670,18394,294314.6,5331151.3,314.04,2.31,-55.0,122.98,,
9671,18394A,294314.6,5331151.3,314.04,2.31,-49.0,77.99,,
9672,18395,294314.6,5331151.3,314.04,182.31,-61.0,111.0,,
9676,18402,294290.99,5331139.17,313.72,182.31,-45.0,50.99,,
9677,18403,294288.13,5331116.07,314.66,182.31,-51.0,42.0,,
9678,18404,294271.66,5331143.92,312.41,2.31,-40.0,82.99,,
9679,18405,294272.44,5331102.31,314.81,182.31,-55.0,38.1,,
9680,18406,294253.85,5331108.64,313.38,2.31,-49.0,69.0,,
9681,18407,294253.36,5331118.12,313.57,182.31,-59.0,50.99,,
9682,18408,294254.01,5331102.17,313.86,182.31,-55.0,41.75,,
9683,18409,294235.39,5331116.07,314.34,2.31,-55.0,80.01,,
9685,18410,294235.39,5331116.07,314.34,182.31,-57.0,50.99,,
9686,18411,295041.02,5331228.28,321.24,2.31,-84.0,60.01,,
9687,18412,294332.79,5331148.43,312.21,182.31,-86.0,96.62,,
9688,18413,294332.38,5331138.38,314.04,182.31,-73.0,116.73,,
9689,18414,294332.15,5331119.75,314.63,182.31,-60.0,113.99,,
9690,18415,294203.92,5331088.48,322.18,182.31,-69.0,41.14,,
9691,18416,294203.94,5331088.97,322.18,182.31,-86.0,96.01,,
9692,18417,294263.02,5331120.44,314.04,182.31,-81.0,44.5,,
9693,18418,294263.01,5331120.14,314.04,182.31,-60.0,48.0,,
9694,18419,294273.19,5331145.65,310.68,2.31,-51.0,96.01,,
9696,18420,294273.18,5331145.35,310.68,2.31,-79.0,86.98,,
9697,18421,294369.89,5331159.28,313.03,182.31,-50.0,113.99,,
9698,18422,294369.89,5331159.28,313.02,2.31,-70.0,48.0,,
9699,18423,294342.82,5331168.8,312.33,2.31,-90.0,69.0,,
9700,18424,294301.11,5331044.07,317.38,2.31,-62.0,122.98,,
9701,18425,294305.17,5331142.19,314.68,182.31,-80.0,91.71,,
9702,18426,294292.63,5331174.52,310.52,2.31,-75.0,84.0,,
9703,18427,294269.76,5331171.78,310.3,2.31,-48.0,80.98,,
9704,18428,294247.07,5331176.3,309.88,2.31,-49.0,77.99,,
9705,18429,294247.05,5331175.84,309.88,2.31,-85.0,68.12,,
9707,18430,294224.11,5331176.62,309.95,182.31,-72.0,105.0,,
9708,18431,294213.49,5331140.41,309.88,182.31,-78.0,69.0,,
9709,18432,294310.94,5331063.75,317.01,2.31,-73.0,122.98,,
9710,18433,294314.83,5331151.72,312.53,2.31,-82.0,42.0,,
9711,18435,294200.6,5331159.51,309.89,182.31,-80.0,98.14,,
9712,18436,294188.09,5331187.26,309.32,2.31,-45.0,44.98,,
9713,18437,294187.1,5331159.78,310.01,182.31,-75.0,98.99,,
9714,18438,294164.41,5331168.36,309.74,2.31,-90.0,86.98,,
9715,18439,294164.39,5331167.75,309.74,182.31,-65.0,70.1,,
9717,18440,294164.44,5331168.97,309.74,2.31,-45.0,61.99,,
9718,18441,294151.33,5331225.02,310.07,182.31,-65.0,57.6,,
9719,18442,294145.24,5331149.92,309.4,2.31,-84.0,56.99,,
9720,18443,294136.38,5331157.02,310.05,2.31,-45.0,71.99,,
9721,18444,294080.6,5331210.83,308.85,182.31,-75.0,98.99,,
9722,18445,294080.6,5331210.83,308.85,182.31,-45.0,69.0,,
9723,18446,294027.71,5331187.74,310.67,182.31,-80.0,78.51,,
9724,18447,294027.68,5331187.01,309.81,182.31,-48.0,63.0,,
9725,18448,294005.47,5331204.96,309.76,182.31,-45.0,86.98,,
9726,18449,294005.47,5331204.96,309.76,182.31,-68.0,90.0,,
9728,18450,294003.92,5331161.34,311.05,2.31,-83.0,35.99,,
9729,18451,293949.92,5331187.59,310.67,182.31,-73.0,77.99,,
9730,18452,293955.23,5331199.7,310.1,182.31,-45.0,92.99,,
9732,18454,294873.87,5331059.86,316.98,182.31,-84.0,134.99,,
9733,18455,294074.14,5331164.35,310.91,2.31,-45.0,138.01,,
9734,18456,294224.11,5331176.62,309.95,2.31,-66.0,56.99,,
9735,18457,294286.31,5331014.62,319.29,2.31,-51.0,92.99,,
9736,18458,294808.14,5331134.84,316.69,182.31,-73.0,65.98,,
9737,18459,294807.82,5331126.74,316.63,182.31,-45.0,61.56,,
9739,18460,294809.39,5331167.92,316.75,182.31,-62.0,138.01,,
9740,18461,294810.99,5331203.7,315.93,182.31,-69.0,62.48,,
9741,18462,294828.91,5331196.51,316.12,2.31,-90.0,110.64,,
9742,18463,294888.2,5331190.81,316.9,2.31,-90.0,113.99,,
9743,18464,294886.18,5331141.69,316.86,2.31,-80.0,113.99,,
9744,18465,294885.7,5331126.12,316.87,182.31,-77.0,117.07,,
9745,18466,294885.1,5331115.74,316.92,182.31,-65.0,90.0,,
9746,18467,294904.08,5331129.59,316.93,182.31,-71.0,113.99,,
9747,18468,294922.02,5331122.06,317.23,182.31,-76.0,111.0,,
9748,18469,295033.72,5331053.3,325.09,182.31,-80.0,116.0,,
9750,18470,294210.2,5331172.0,309.95,2.31,-63.0,56.99,,
9751,18471,294210.18,5331171.69,309.95,2.31,-84.0,77.99,,
9752,18472,294200.87,5331171.46,309.95,182.31,-60.0,71.99,,
9753,18473,294199.64,5331137.34,310.82,182.31,-76.0,77.99,,
9754,18474,294163.63,5331149.81,310.39,182.31,-56.0,111.0,,
9755,18475,294027.7,5331213.09,309.44,182.31,-45.0,90.0,,
9756,18476,293982.98,5331213.83,309.67,182.31,-45.0,92.99,,
9757,18477,293980.6,5331152.0,311.9,2.31,-45.0,98.99,,
9758,18478,294528.83,5331130.74,313.76,182.31,-46.0,60.01,,
9759,18479,294598.75,5331050.91,315.39,2.31,-81.0,19.5,,
9761,18480,294612.81,5331053.82,316.41,2.31,-80.0,15.54,,
9762,18481,294635.57,5331059.28,315.74,2.31,-45.0,39.01,,
9763,18482,294600.75,5331102.57,315.12,182.31,-48.0,54.01,,
9764,18483,294622.97,5331081.17,315.52,182.31,-45.0,29.99,,
9765,18484,294546.77,5331017.75,315.49,2.31,-45.0,65.98,,
9766,18485,294626.52,5331057.93,315.85,2.31,-76.0,31.39,,
9767,18486,294525.6,5331040.39,310.36,2.31,-65.0,50.99,,
9768,18487,294618.33,5331080.93,311.17,182.31,-75.0,50.99,,
9769,18488,294245.69,5331142.22,311.17,2.31,-90.0,138.01,,
9770,18489,294213.53,5331140.44,310.88,182.31,-82.0,124.51,,
9772,18490,294160.52,5331186.85,309.61,182.31,-59.0,168.0,,
9773,18491,294612.16,5331038.6,315.67,182.31,-67.0,24.29,,
9774,18492,294612.14,5331037.99,315.67,182.31,-45.0,22.86,,
9775,18493,294309.54,5331252.48,314.65,182.31,-63.0,113.69,,
9776,18494,294407.7,5331190.39,312.1,182.31,-57.0,107.99,,
9777,18495,294341.94,5331146.23,313.69,182.31,-61.0,98.99,,
9778,18496,294359.96,5331140.01,313.69,2.31,-75.0,183.0,,
9779,18497,294389.65,5331200.4,311.51,182.31,-74.0,147.0,,
9780,18498,294295.74,5331261.88,308.71,182.31,-70.0,122.68,,
9781,18499,294413.01,5331208.63,311.31,182.31,-73.0,153.0,,
9784,18500,294470.66,5331274.97,309.58,182.31,-70.0,189.0,,
9785,18501,294468.63,5331224.72,306.48,182.31,-60.0,75.01,,
9786,18502,294464.89,5331131.49,314.1,182.31,-57.0,111.0,,
9787,18503,294498.24,5331167.05,313.58,2.31,-45.0,106.68,,
9788,18504,294499.25,5331188.98,312.43,2.31,-45.0,122.01,,
9793,18509,295222.75,5331090.61,318.58,2.31,-45.0,76.5,,
9795,18510,294671.57,5331265.86,314.3,182.31,-76.0,190.75,,
9796,18511,294666.62,5331113.54,314.3,182.31,-61.0,190.5,,
9797,18512,294703.48,5331263.08,314.34,182.31,-77.0,189.0,,
9798,18513,294702.95,5331249.95,314.94,182.31,-68.0,137.16,,
9799,18514,294700.65,5331193.0,315.99,182.31,-78.0,75.01,,
9800,18515,294700.19,5331181.76,317.69,182.31,-52.0,86.98,,
9801,18516,294744.94,5331269.88,311.26,2.31,-52.0,119.17,,
9802,18517,294743.53,5331234.89,316.02,182.31,-82.0,143.25,,
9803,18518,294739.55,5331212.05,316.72,182.31,-84.0,60.96,,
9804,18519,294741.43,5331183.14,316.38,182.31,-52.0,126.21,,
9806,18520,294779.01,5331207.92,315.03,2.31,-90.0,137.16,,
9807,18521,294777.33,5331166.41,316.04,2.31,-86.0,128.13,,
9808,18522,294776.68,5331149.69,316.68,182.31,-57.0,167.64,,
9809,18523,294834.11,5331211.09,316.02,182.31,-80.0,100.58,,
9810,18524,294830.98,5331133.76,316.63,2.31,-65.0,200.98,,
9811,18525,294830.77,5331130.72,316.67,2.31,-76.0,197.99,,
9812,18526,294635.48,5331166.99,313.88,2.31,-45.0,54.8,,
9813,18526A,294635.39,5331164.86,313.88,2.31,-45.0,122.01,,
9814,18528,294634.9,5331151.15,315.04,182.31,-67.0,200.98,,
9815,18529,294608.14,5331281.49,310.56,182.31,-45.0,140.2,,
9817,18530,294603.37,5331163.72,314.03,2.31,-67.0,195.01,,
9818,18531,294603.37,5331163.72,314.03,2.31,-84.0,96.01,,
9819,18532,294603.37,5331163.72,314.03,182.31,-63.0,88.45,,
9820,18533,294575.91,5331276.69,310.28,182.31,-62.0,185.98,,
9821,18534,294576.16,5331282.78,310.28,182.31,-40.0,146.6,,
9822,18536,294562.84,5331179.69,313.18,2.31,-90.0,42.67,,
9823,18537,294562.84,5331179.69,313.18,182.31,-45.0,73.15,,
9827,18545,294617.14,5331166.21,314.15,2.31,-57.0,103.63,,
9828,18546,294617.13,5331165.91,314.15,2.31,-71.0,238.96,,
9829,18547,294617.12,5331165.6,314.15,2.31,-86.0,94.48,,
9830,18548,294639.82,5331159.8,314.21,2.31,-84.0,60.96,,
9831,18549,294674.63,5331229.23,314.94,182.31,-74.0,110.0,,
9833,18550,294672.44,5331175.05,315.63,182.31,-70.0,63.0,,
9834,18551,294687.83,5331215.51,314.9,182.31,-70.0,80.98,,
9835,18552,294755.4,5331188.41,317.68,182.31,-64.0,68.58,,
9836,18558,294946.03,5331037.75,319.26,2.31,-45.0,251.3,,
9839,18571,295042.28,5331040.14,322.14,2.31,-82.0,183.0,,
9858,18590,294712.48,5331147.68,316.31,179.31,-46.0,158.34,,
9859,18591,294730.66,5331143.92,316.6,2.31,-78.0,106.68,,
9860,18592,294726.81,5331044.94,316.99,182.31,-78.0,191.99,,
9861,18593,294726.44,5331038.85,316.94,182.31,-58.0,201.16,,
9862,18594,294726.44,5331038.85,316.94,179.31,-40.0,140.2,,
9863,18595,294079.64,5331224.26,309.04,182.31,-70.0,152.4,,
9864,18596,294078.51,5331196.12,309.35,182.31,-78.0,94.79,,
9865,18597,294077.97,5331183.75,309.82,182.31,-76.0,46.02,,
9866,18598,294077.7,5331177.02,310.12,182.31,-72.0,143.56,,
9867,18599,294077.7,5331177.02,310.12,182.31,-45.0,175.99,,
9870,18600,294071.4,5331130.63,310.38,2.31,-85.0,149.35,,
9871,18601,294071.4,5331130.63,310.38,182.31,-80.0,140.66,,
9872,18602,294071.4,5331130.63,310.38,182.31,-45.0,106.68,,
9884,18613,294006.28,5331222.68,309.15,182.31,-45.0,206.01,,
9885,18614,294005.2,5331195.27,309.83,182.31,-81.0,128.99,,
9886,18615,294004.49,5331177.88,310.19,182.31,-74.0,129.02,,
9887,18616,294004.0,5331167.22,310.7,182.31,-49.0,143.01,,
9888,18617,294002.52,5331130.64,312.77,182.31,-80.0,126.49,,
9889,18618,294425.13,5331284.37,310.8,182.31,-68.0,154.68,,
9890,18619,294423.99,5331257.55,310.14,182.31,-70.0,116.12,,
9892,18620,294423.99,5331257.55,310.14,182.31,-56.0,73.15,,
9893,18621,294423.05,5331229.89,310.74,182.31,-67.0,80.98,,
9894,18622,294421.82,5331200.96,311.9,182.31,-86.0,112.98,,
9895,18623,294421.85,5331200.95,311.6,182.31,-70.0,111.25,,
9896,18624,294421.82,5331200.96,311.9,182.31,-45.0,140.2,,
9897,18625,294415.35,5331039.54,311.52,2.31,-78.0,108.2,,
9898,18626,294415.35,5331039.54,311.52,182.31,-74.0,106.68,,
9899,18627,294414.69,5331025.48,311.96,182.31,-74.0,45.99,,
9904,18631,294712.48,5331147.68,316.47,182.31,-70.0,195.01,,
9905,18632,294684.89,5331142.76,315.95,182.31,-75.0,146.3,,
9906,18635,294683.66,5331112.27,316.08,182.31,-66.0,193.24,,
9907,18637,294703.56,5331152.59,316.3,182.31,-69.0,195.01,,
9909,18642,294805.36,5331066.78,316.64,182.31,-77.0,143.25,,
9910,18648,294505.63,5331009.81,315.56,2.31,-90.0,45.99,,
9911,18649,294503.77,5331021.84,315.68,2.31,-90.0,52.12,,
9913,18650,294497.9,5331042.7,311.74,2.31,-47.0,58.0,,
9914,18651,294497.9,5331042.7,311.74,2.31,-84.0,49.01,,
9915,18652,294468.77,5331003.52,317.2,2.31,-80.0,54.86,,
9916,18653,294469.94,5331039.9,311.73,182.31,-53.0,60.99,,
9917,18654,294469.94,5331039.9,311.73,2.31,-65.0,106.68,,
9918,18655,294469.94,5331039.9,311.73,2.31,-90.0,56.99,,
9919,18656,294433.3,5331036.92,311.56,182.31,-47.0,45.99,,
9920,18657,294433.3,5331036.92,311.56,182.31,-82.0,49.01,,
9921,18658,294433.91,5331046.72,311.6,2.31,-90.0,46.63,,
9922,18659,294388.87,5331031.19,311.52,182.31,-45.0,49.01,,
9924,18660,294388.05,5331044.92,312.53,2.31,-90.0,76.5,,
9925,18662,294593.54,5330919.17,321.17,2.31,-73.0,92.65,,
9926,18663,294730.66,5331143.92,316.6,182.31,-78.0,109.72,,
9927,18667,294490.18,5331193.31,312.56,182.31,-47.0,33.52,,
9933,18672,294535.55,5331183.85,313.29,182.31,-76.0,51.81,,
9934,18673,294535.55,5331183.85,313.29,182.31,-45.0,30.78,,
9946,18684,294570.64,5331178.77,313.32,2.31,-90.0,41.14,,
9947,18685,294447.22,5331036.42,311.65,2.31,-77.0,61.26,,
9948,18686,294453.81,5331048.36,312.44,2.31,-62.0,30.78,,
9949,18687,294453.81,5331048.36,312.44,2.31,-90.0,54.98,,
9950,18688,294453.81,5331048.36,312.44,182.31,-45.0,39.92,,
9951,18689,294393.87,5331186.53,312.1,182.31,-75.0,44.19,,
9953,18690,294392.7,5331160.65,314.18,182.31,-71.0,39.62,,
9954,18691,294451.84,5331152.76,313.72,2.31,-90.0,24.5,,
9955,18692,294433.81,5331159.59,313.24,182.31,-40.0,41.14,,
9956,18693,294433.9,5331159.59,313.73,2.31,-90.0,39.62,,
9957,18694,294406.29,5331156.44,313.66,2.31,-90.0,36.88,,
9958,18695,294451.27,5331136.31,314.16,2.31,-90.0,24.5,,
9959,18696,294569.8,5331071.21,314.9,272.31,-50.0,28.98,,
9960,18697,294571.75,5331071.22,315.16,2.31,-90.0,60.99,,
9961,18698,294570.41,5331076.62,314.74,272.31,-50.0,28.98,,
9962,18699,294572.07,5331076.73,315.17,2.31,-90.0,60.01,,
9965,18700,294421.95,5331167.09,312.87,182.31,-60.0,54.98,,
9966,18701,294479.99,5331167.79,313.07,2.31,-80.0,54.86,,
9967,18702,294516.02,5331153.52,313.4,2.31,-65.0,30.51,,
9968,18703,294523.85,5331174.25,313.78,2.31,-90.0,52.12,,
9969,18704,294550.46,5331167.69,314.1,182.31,-75.0,48.76,,
9970,18705,294583.25,5331163.92,314.14,2.31,-85.0,46.63,,
9971,18706,294611.5,5331160.95,313.95,2.31,-90.0,54.98,,
9972,18708,295150.52,5331134.29,326.92,182.31,-62.0,91.44,,
9973,18709,294732.21,5331045.64,316.17,182.31,-85.0,79.24,,
9975,18710,294742.1,5331048.9,317.47,182.31,-85.0,79.24,,
9976,18712,294757.33,5331046.75,316.89,2.31,-90.0,76.2,,
9977,18713,294766.38,5331047.94,316.89,2.31,-90.0,76.2,,
9978,18714,294778.83,5331051.99,316.84,227.31,-85.0,76.5,,
9979,18715,294758.45,5331037.56,317.19,2.31,-90.0,76.2,,
9980,18716,294759.58,5331029.28,316.8,2.31,-90.0,76.2,,
9981,18717,294760.85,5331019.22,316.95,2.31,-90.0,76.5,,
10006,18741,294076.22,5331187.85,309.4,98.31,-47.0,64.0,,
10007,18742,294076.22,5331187.85,309.4,124.31,-67.0,55.16,,
10008,18743,294076.1,5331175.07,309.5,57.31,-45.0,80.01,,
10009,18744,294059.31,5331172.67,309.62,2.31,-83.0,106.37,,
10010,18745,294040.14,5331153.5,310.62,2.31,-65.0,92.99,,
10011,18746,294073.58,5331134.72,310.78,132.31,-57.0,111.0,,
10012,18747,294073.58,5331134.72,310.78,154.31,-68.0,98.99,,
10013,18748,294073.58,5331134.72,310.78,182.31,-60.0,63.0,,
10014,18749,294073.58,5331134.72,310.78,182.31,-70.0,101.98,,
10016,18750,294053.63,5331146.88,310.23,182.31,-70.0,98.99,,
10017,18751,294026.27,5331148.41,311.05,182.31,-60.0,61.11,,
10018,18752,294026.27,5331148.41,311.05,182.31,-70.0,98.99,,
10019,18753,293998.97,5331155.19,311.08,182.31,-50.0,80.01,,
10020,18754,293998.97,5331155.19,311.08,182.31,-70.0,97.53,,
10021,18755,293971.64,5331161.15,311.54,182.31,-55.0,80.98,,
10022,18756,293971.64,5331161.15,311.54,182.31,-70.0,105.0,,
10023,18757,294134.08,5331169.52,309.07,277.31,-55.0,63.39,,
10024,18758,294130.7,5331134.37,310.14,182.31,-50.0,63.0,,
10025,18759,294130.7,5331134.37,310.14,182.31,-70.0,105.0,,
10027,18760,294157.67,5331135.26,310.68,182.31,-50.0,68.88,,
10028,18761,294157.67,5331135.26,310.68,182.31,-70.0,105.0,,
10029,18762,294741.54,5330943.68,318.7,2.31,-90.0,98.99,,
10030,18763,294741.54,5330943.68,318.7,2.31,-70.0,182.57,,
10031,18764,294741.54,5330943.68,318.7,2.31,-35.0,38.1,,
10032,18765,294714.25,5330947.86,318.33,2.31,-90.0,92.5,,
10033,18766,294714.1,5330944.82,318.33,2.31,-70.0,183.18,,
10034,18767,294714.13,5330944.82,318.33,2.31,-37.0,55.5,,
10035,18768,294659.51,5330946.72,319.55,182.31,-75.0,92.04,,
10036,18769,294659.51,5330946.72,319.55,2.31,-63.0,155.99,,
10038,18770,293997.4,5331151.84,312.63,2.31,-45.0,183.0,,
10039,18771,294605.05,5330948.86,319.04,182.31,-70.0,101.98,,
10040,18772,294605.05,5330948.86,319.04,2.31,-57.0,122.98,,
10041,18773,294550.27,5330945.83,319.64,182.31,-70.0,92.99,,
10042,18774,294550.27,5330945.83,319.64,2.31,-70.0,153.0,,
10043,18775,294550.27,5330945.83,319.64,2.31,-45.0,74.0,,
10044,18776,294494.57,5330953.64,318.88,182.31,-70.0,111.0,,
10045,18777,294494.57,5330953.64,318.88,2.31,-70.0,98.99,,
10046,18778,294052.1,5331171.65,310.71,2.31,-45.0,183.0,,
10047,18779,294440.27,5330948.09,318.27,182.31,-60.0,109.42,,
10049,18780,294440.27,5330948.09,318.27,2.31,-75.0,110.94,,
10050,18781,294440.27,5330948.09,318.27,2.31,-55.0,190.5,,
10051,18782,294440.27,5330948.09,318.27,2.31,-35.0,105.46,,
10052,18783,294714.13,5330944.82,318.33,2.31,-55.0,122.68,,
10053,18784,294687.11,5330947.95,318.58,182.31,-65.0,111.0,,
10054,18785,294687.11,5330947.95,318.58,2.31,-60.0,153.0,,
10055,18786,294687.11,5330947.95,318.58,2.31,-35.0,97.99,,
10056,18787,294632.42,5330947.33,319.46,2.31,-57.0,69.0,,
10057,18788,294577.6,5330945.09,319.19,182.31,-70.0,68.0,,
10058,18789,294577.6,5330945.09,319.19,2.31,-63.0,183.0,,
10060,18790,294577.6,5330945.09,319.19,362.31,-40.0,73.45,,
10061,18791,294073.58,5331134.72,310.78,2.31,-75.0,83.82,,
10062,18792,294062.99,5331130.7,310.81,182.31,-80.0,92.99,,
10063,18793,294039.77,5331147.23,310.44,182.31,-70.0,103.63,,
10064,18794,294039.77,5331147.23,310.44,182.31,-85.0,92.99,,
10065,18795,294012.77,5331129.86,312.97,182.31,-75.0,104.24,,
10066,18796,294012.77,5331129.86,312.97,2.31,-73.0,97.47,,
10067,18797,294012.78,5331179.1,310.17,182.31,-73.0,80.16,,
10068,18798,294012.78,5331179.1,310.17,2.31,-85.0,92.78,,
10069,18799,293985.45,5331143.63,312.45,182.31,-72.0,97.84,,
10072,18800,293985.45,5331143.63,312.45,2.31,-83.0,74.37,,
10073,18801,293985.74,5331169.67,310.9,182.31,-75.0,98.75,,
10074,18802,293985.74,5331169.67,310.9,2.31,-82.0,109.72,,
10075,18803,293985.45,5331143.63,312.45,244.31,-60.0,111.0,,
10076,18804,293977.7,5331220.63,310.46,107.31,-45.0,153.0,,
10077,18805,294074.92,5331265.2,310.02,242.31,-47.0,141.0,,
10078,18806,293974.86,5331190.39,311.34,242.31,-50.0,72.54,,
10079,18807,294075.45,5331224.58,310.14,250.31,-50.0,122.98,,
10080,18808,294075.64,5331282.93,309.67,2.31,-45.0,153.0,,
10081,18809,294221.23,5331222.42,310.31,362.31,0.0,61.26,,
10083,18810,294221.69,5331229.8,310.07,182.31,0.0,50.59,,
10084,18811,294219.94,5331185.17,303.23,362.31,0.0,93.87,,
10085,18812,294236.03,5331244.88,309.5,182.31,0.0,89.91,,
10086,18813,294233.57,5331193.22,302.82,362.31,0.0,115.82,,
10087,18814,294233.48,5331190.88,302.82,362.31,0.0,131.06,,
10089,18816,294249.34,5331242.4,309.92,182.31,0.0,64.92,,
10090,18817,294248.06,5331197.02,304.28,362.31,0.0,71.93,,
10091,18818,294263.09,5331239.65,310.12,182.31,0.0,68.88,,
10092,18819,294261.71,5331202.12,305.72,362.31,0.0,66.14,,
10094,18820,294837.34,5331178.65,314.65,182.31,-45.0,33.98,,
10095,18821,294837.9,5331192.36,314.04,182.31,-45.0,22.0,,
10096,18822,294838.45,5331206.06,314.65,182.31,-45.0,27.43,,
10097,18823,294839.02,5331220.07,314.95,182.31,-45.0,36.88,,
10098,18824,294835.21,5331239.14,315.56,182.31,-45.0,30.99,,
10099,18825,294920.83,5331206.39,318.0,182.31,-45.0,55.16,,
10100,18826,294881.71,5331182.05,316.47,32.31,-60.0,43.43,,
10101,18827,294864.97,5331183.03,316.47,182.31,-45.0,24.99,,
10102,18828,294865.53,5331196.73,316.47,182.31,-45.0,30.78,,
10103,18829,294866.02,5331208.91,316.78,182.31,-45.0,36.88,,
10105,18830,294866.65,5331224.45,317.69,182.31,-45.0,30.78,,
10106,18831,294867.22,5331238.46,318.61,182.31,-45.0,30.78,,
10107,18832,294863.06,5331128.34,316.72,182.31,-45.0,49.01,,
10108,18833,294892.1,5331174.91,317.08,182.31,-45.0,24.68,,
10109,18834,294892.86,5331193.8,317.39,182.31,-45.0,33.98,,
10110,18835,294893.47,5331208.72,318.0,182.31,-45.0,36.88,,
10111,18836,294893.82,5331217.55,319.52,182.31,-45.0,31.08,,
10112,18837,294922.18,5331239.89,320.74,182.31,-45.0,30.78,,
10113,18838,294919.93,5331184.16,317.69,182.31,-45.0,34.74,,
10114,18839,294921.6,5331225.58,318.61,182.31,-45.0,61.56,,
10116,18840,294922.38,5331244.77,320.13,182.31,-45.0,45.99,,
10117,18841,294890.44,5331127.2,316.9,182.31,-45.0,55.71,,
10118,18842,294912.77,5331125.67,316.98,182.31,-45.0,43.28,,
10119,18843,294862.1,5331110.04,316.68,182.31,-45.0,18.28,,
10120,18843A,294862.1,5331110.04,316.68,182.31,-55.0,49.07,No_Litho,
10121,18844,294885.33,5331090.3,316.81,182.31,-72.0,44.65,,
10122,18845,294911.23,5331093.51,317.11,182.31,-70.0,30.48,,
10123,18846,294277.43,5331250.42,309.92,182.31,0.0,78.63,No_Litho,
10124,18848,294290.88,5331242.15,310.82,182.31,0.0,63.09,No_Litho,
10126,18851,294318.73,5331251.1,311.77,182.31,0.0,48.15,No_Litho,
10127,18852,294319.02,5331260.63,311.77,182.31,0.0,92.99,No_Litho,
10128,18856,294346.0,5331241.47,311.99,182.31,0.0,73.48,No_Litho,
10129,18857,294344.64,5331221.84,312.2,182.31,0.0,79.55,No_Litho,
10130,18858,294359.24,5331236.24,311.98,182.31,0.0,75.01,No_Litho,
10131,18859,294358.5,5331216.34,312.25,182.31,0.0,84.12,No_Litho,
10148,19,294752.09,5330971.62,316.78,353.31,-45.0,138.22,,
10226,197,294725.14,5331085.12,311.67,106.81,-59.65,28.04,,
10260,2,294646.46,5331097.61,316.78,173.31,-42.0,126.49,,
10261,20,294631.03,5330957.32,319.49,353.31,-45.0,174.95,,
10364,2092,294324.67,5331169.81,310.43,181.08,-59.08,66.44,,
10365,2093,294516.64,5331190.06,312.63,2.31,-90.0,37.79,,
10366,2094,294516.52,5331174.38,312.16,361.54,-50.0,49.62,,
10367,2095,294446.37,5331215.09,311.07,3.23,-50.97,46.42,,
10368,2096,294413.87,5331213.65,310.51,359.41,-47.9,45.72,,
10369,2097,294387.79,5331209.69,310.03,5.96,-47.28,45.56,,
10370,2098,294353.01,5331202.09,309.74,360.49,-49.2,45.41,,
10371,2099,294323.01,5331193.9,309.71,3.23,-48.1,46.93,,
10372,21,294572.04,5330951.42,319.95,2.31,-55.0,133.65,,
10374,2100,294280.39,5331140.02,311.77,2.31,-90.0,60.44,,
10375,2101,294280.34,5331138.84,311.7,181.79,-43.0,71.17,,
10376,2102,294237.41,5331173.31,309.6,361.14,-50.0,67.97,,
10377,2103,294234.99,5331188.64,309.37,185.26,-38.0,113.08,,
10380,2106,294188.95,5331168.48,309.91,361.89,-49.5,60.8,,
10381,2107,294142.5,5331150.38,310.42,3.31,-46.0,76.04,,
10388,2113,294099.0,5331154.74,310.31,5.04,-59.55,61.26,,
10389,2114,294098.88,5331153.58,310.39,182.73,-39.72,75.59,,
10396,2120,294047.85,5331127.28,312.2,361.63,-45.0,83.82,,
10397,2121,294003.05,5331148.73,311.41,359.14,-70.05,85.03,,
10408,2131,293951.36,5331157.39,312.23,354.74,-71.0,91.37,,
10409,2132,293892.27,5331126.91,319.45,2.74,-57.5,91.28,,
10410,2133,293921.46,5331136.11,319.45,2.31,-62.0,65.53,,
10475,2192,294785.72,5331134.53,317.19,2.31,-90.0,24.99,,
10476,2193,294817.13,5331133.07,316.89,2.31,-90.0,30.48,,
10477,2194,294831.78,5331117.57,316.73,2.31,-90.0,29.8,,
10478,2195,294862.42,5331151.47,316.91,7.68,-59.42,60.1,,
10479,2196,294863.53,5331164.45,317.11,8.44,-59.0,43.28,,
10484,22,294865.52,5331046.69,317.52,353.31,-55.0,122.83,,
10497,2210,294890.25,5331130.08,317.0,5.06,-46.62,68.97,,
10498,2211,294892.38,5331153.7,316.94,5.76,-43.0,37.79,,
10499,2212,294923.76,5331148.69,317.13,5.48,-44.0,46.32,,
10500,2213,294965.02,5331125.51,318.16,5.89,-49.77,63.24,,
10501,2214,294966.51,5331147.48,317.91,6.14,-50.0,40.53,,
10502,2215,294935.1,5331255.43,316.83,2.46,-53.0,83.51,,
10503,2216,294935.61,5331276.94,312.25,361.41,-54.9,72.69,,
10504,2217,294967.4,5331307.52,311.82,182.01,-58.78,69.73,,
10505,2218,294968.04,5331323.02,311.87,183.48,-60.0,60.35,,
10506,2219,295001.27,5331147.91,318.9,12.49,-62.0,60.35,,
10508,2220,295001.22,5331147.53,318.65,26.71,-85.0,105.46,,
10595,23,294938.57,5331068.1,316.78,353.31,-35.0,156.05,,
10708,24,294509.52,5330932.83,322.14,353.31,-55.0,154.22,,
10712,2401,294569.13,5331021.08,315.16,9.54,-42.7,38.7,,
10713,2402,294568.94,5331019.66,315.01,187.39,-44.35,29.87,,
10714,2403,294546.36,5331021.94,314.9,3.86,-43.87,38.1,,
10715,2404,294547.08,5331019.48,315.13,184.38,-44.48,30.17,,
10716,2405,294523.22,5331017.02,315.44,3.44,-43.13,41.81,,
10717,2406,294523.14,5331015.44,315.34,185.76,-45.37,29.87,,
10724,2412,294512.41,5330994.29,317.61,3.98,-46.0,37.79,,
10725,2413,294526.4,5331000.27,316.8,3.83,-44.23,30.48,,
10735,2422,294527.04,5331008.26,316.08,185.98,-31.25,57.91,,
10736,2423,294527.08,5331008.85,315.82,184.44,-47.05,15.91,,
10737,2424,294500.92,5331021.74,315.36,184.21,-43.0,30.48,,
10738,2425,294500.06,5331011.91,315.9,3.69,-44.0,38.4,,
10739,2426,294478.08,5331019.46,315.43,183.21,-46.0,29.87,,
10740,2427,294477.64,5331009.45,316.4,2.69,-46.0,37.52,,
10820,25,294554.24,5331055.25,315.04,353.31,-35.0,146.6,,
10916,2586,294657.93,5331049.29,317.4,2.31,-90.0,31.39,,
10917,2587,294643.99,5331035.4,317.23,2.31,-90.0,31.08,,
10918,2588,294627.52,5331048.17,315.92,2.31,-90.0,37.94,,
10919,2589,294615.13,5331071.31,315.45,2.31,-90.0,31.39,,
10921,2590,294612.52,5331043.09,315.61,2.31,-90.0,26.21,,
10931,26,294528.1,5331037.42,316.78,353.31,-45.0,62.78,,
11042,27,294648.48,5331053.45,316.78,353.31,-45.0,97.23,,
11497,3,294682.57,5331017.44,317.15,353.31,-45.0,145.54,,
12610,4,294714.07,5331027.85,316.96,353.31,-51.0,124.35,,
13722,5,294623.9,5331005.36,316.66,353.31,-50.0,136.39,,
13979,523,294380.04,5330960.99,319.75,351.68,-63.95,92.96,,
14001,525,294379.99,5330961.38,319.67,352.44,-45.6,76.8,,
14023,527,294427.28,5331013.95,316.94,2.31,-90.0,91.74,,
14045,529,294461.66,5331060.02,315.48,2.31,-90.0,48.76,,
14068,531,294426.67,5331048.09,315.13,2.31,-90.0,30.17,,
14079,532,294400.25,5331045.73,315.19,2.31,-90.0,98.45,,
14101,534,294369.71,5331037.86,315.95,2.31,-90.0,98.45,,
14134,537,294486.71,5331025.23,316.16,2.31,-90.0,90.22,,
14201,543,294493.01,5331068.48,315.1,2.31,-90.0,18.59,,
14223,545,294570.15,5331031.65,315.55,2.31,-90.0,22.7,,
14389,56,295069.55,5331051.27,318.33,350.14,-32.0,125.88,,
14723,59,294541.14,5331236.82,311.72,167.63,-75.0,255.39,,
14835,6,294597.67,5331007.67,315.68,353.31,-48.0,130.45,,
14836,60,294304.58,5330917.89,319.19,347.18,-38.0,182.42,,
14947,61,294511.42,5331370.11,308.76,168.81,-75.0,281.33,,
15058,62,294482.19,5331220.7,311.09,166.76,-76.0,137.0,,
15169,63,294599.55,5331253.34,311.59,169.59,-75.33,251.46,,
15281,640,294485.42,5331113.99,313.79,2.31,-90.0,60.96,,
15292,641,294458.17,5331110.3,314.01,2.31,-90.0,85.34,,
15303,642,294552.6,5331110.14,314.97,2.31,-90.0,55.77,,
15314,643,294426.24,5331108.16,314.82,2.31,-90.0,85.95,,
15325,644,294515.81,5331100.95,314.37,2.31,-90.0,91.74,,
15380,649,294513.98,5331087.93,317.2,2.31,-90.0,78.94,,
15392,650,294486.57,5331096.55,313.93,2.31,-90.0,91.89,,
15947,7,294553.68,5331062.74,314.62,173.31,-51.0,121.92,,
16580,756,295073.08,5331241.55,315.73,4.91,-45.0,365.15,,
16769,773,295072.91,5331240.4,315.65,183.03,-42.0,106.68,,
17070,8,294526.2,5331056.81,315.07,173.31,-51.0,110.52,,
18216,8925,294755.48,5331378.78,308.89,182.31,-90.0,209.39,,
18225,8933,294854.09,5331076.24,309.65,2.31,-90.0,179.52,,
18304,9,294740.05,5331096.29,318.0,173.31,-46.0,97.53,,
18399,9082,294655.77,5330985.74,317.82,184.31,-90.0,217.62,,
18400,9083,294654.11,5330930.89,320.89,182.31,-90.0,135.33,,
18413,9094,294754.54,5330947.57,318.35,2.31,-75.0,214.57,,
18426,9105,294577.68,5330949.45,319.22,182.31,-90.0,225.85,,
18429,9108,294511.9,5330894.82,326.62,2.31,-70.0,276.45,,
18434,9111,294295.47,5330830.67,334.61,2.31,-76.0,252.67,,
18863,9475,294945.1,5331014.75,320.44,2.31,-90.0,151.48,,
18864,9476,294775.28,5331001.8,316.17,2.31,-90.0,152.09,,
18873,9484,294713.38,5330979.9,316.17,182.31,-90.0,123.44,,
19687,B-479,295076.75,5330999.3,319.11,93.14,-74.0,22.55,No_Assay,
19808,CE-3090-1,294078.4,5331080.02,305.09,182.31,-80.0,42.06,,
19809,CE-3120-1,294087.76,5331084.61,304.55,182.31,-75.0,56.99,,
19810,CE-3120-2,294087.29,5331072.36,305.99,2.31,-53.0,76.2,,
19811,CE-3135-1,294092.16,5331081.32,304.27,182.31,-75.0,68.88,,
19812,CE-3135-2,294091.7,5331069.73,306.42,182.31,-75.0,42.67,No_Assay,
19813,CE-3195-1,294109.53,5331059.0,307.85,362.31,-63.0,40.84,,
19814,CE-3195-2,294109.79,5331065.05,307.37,362.31,-75.0,45.72,,
19815,CE-3210-15,294113.99,5331056.0,307.33,2.31,-90.0,56.38,,
19817,CE-3255-14,294127.32,5331046.31,307.94,182.31,-75.0,43.98,,
19818,CE-3255-15,294128.12,5331065.52,300.17,182.31,-80.0,37.79,,Doubtful_collar
19821,CE-3420-10,294176.77,5331024.48,302.45,182.31,-45.0,36.27,,
19830,CE-3480-4,294194.42,5331010.94,305.45,182.31,-45.0,47.54,,
19831,CE-3480-5,294195.24,5331024.89,302.63,182.31,-45.0,48.76,,
19899,CE-5295-7,294752.06,5331106.45,316.47,362.31,-60.0,21.33,No_Both,
19931,E-001,294921.13,5330954.1,318.92,362.31,-45.0,48.76,,
19932,E-001A,294921.13,5330954.1,318.92,362.31,-65.0,81.99,,
19933,E-002,294890.55,5330951.93,318.64,2.31,-45.0,42.67,,
19934,E-002A,294890.55,5330951.93,318.64,2.31,-65.0,67.36,,
19935,E-003,294951.49,5330950.18,318.27,2.31,-45.0,40.84,,
19936,E-003A,294951.49,5330950.18,318.27,2.31,-65.0,58.82,,
19937,E-004,294922.12,5330981.51,321.37,182.31,-45.0,54.46,,
19938,E-004A,294922.12,5330981.51,321.37,182.31,-60.0,90.52,,
19939,E-004B,294922.12,5330981.51,321.37,182.31,-85.0,91.28,,
19940,E-005,294920.91,5330948.01,318.51,2.31,-80.0,91.59,,
19941,E-005A,294920.91,5330948.01,318.51,182.31,-40.0,91.89,,
19942,E-006,295042.6,5330932.17,317.43,2.31,-45.0,223.72,,
19943,E-007,295042.98,5330942.83,317.59,2.31,-65.0,82.54,,
19944,E-007A,295042.98,5330942.83,317.59,182.31,-40.0,183.33,,
19957,E-018,295219.22,5330927.1,316.76,2.31,-45.0,82.6,,
19958,E-019,295188.74,5330927.98,317.1,2.31,-45.0,176.47,,
19959,E-020,295115.68,5330930.07,316.76,2.31,-45.0,147.82,,
19975,E-033,295039.36,5330842.3,317.28,2.31,-60.0,304.19,,
19978,E-035,295112.26,5330835.64,318.04,2.31,-60.0,331.72,,
19979,E-036,295182.72,5330760.46,318.75,361.31,-70.0,459.02,,
20136,E-231,293826.46,5330964.8,319.36,3.31,-45.0,174.65,,
20137,E-232,293826.23,5330964.23,319.45,3.31,-65.0,158.83,,
20145,E-240,294699.9,5330764.26,323.35,2.31,-90.0,303.88,,
20146,E-242,294758.96,5330779.05,322.1,182.31,-90.0,124.05,,
20147,E-243,294788.68,5330784.73,320.94,182.31,-90.0,457.8,,
20148,E-244,294447.77,5331011.71,320.03,183.31,-89.0,244.75,,
20149,E-245,294844.71,5330919.78,317.59,183.31,-89.0,243.53,,
20150,E-246,294950.51,5330918.68,317.71,183.31,-89.0,243.84,,
20151,E-247,294980.66,5330916.58,317.59,183.31,-89.0,246.27,,
20152,E-248,294920.06,5330920.18,317.59,183.31,-89.0,245.97,,
20153,E-249,295057.54,5330917.41,316.46,202.31,-89.0,243.84,,
20154,E-250,295133.95,5330916.02,318.26,183.31,-89.0,243.84,,
20155,E-251,295017.04,5330889.86,316.89,183.31,-89.0,243.84,,
20156,E-252,295092.42,5330884.16,318.08,183.31,-89.0,243.84,,
20157,E-253,295225.0,5330926.19,317.44,183.31,-89.0,243.84,,
20158,E-254,295129.28,5330848.52,320.3,183.31,-90.0,243.84,,
20159,E-255,295085.3,5330805.21,317.8,183.31,-89.0,243.84,,
20160,E-256,294703.88,5330826.12,326.49,182.31,-90.0,153.92,,
20161,E-257,294644.0,5330833.02,327.52,182.31,-90.0,151.48,,
20162,E-258,294637.58,5330770.61,324.87,182.31,-90.0,154.53,,
20163,E-259,294516.56,5330841.15,330.24,183.31,-89.0,152.7,,
20164,E-260,294775.84,5330920.37,319.23,182.31,-90.0,154.53,,
20175,E-271,295165.9,5330914.9,316.98,3.31,-70.0,123.13,,
20180,E-276,295150.23,5331018.68,315.45,3.31,-80.0,93.87,,
20181,E-277,295226.63,5331026.09,314.54,3.31,-75.0,91.44,,
20184,E-280,294668.5,5330821.5,326.43,183.31,-85.0,152.7,,
20189,E-287,294717.75,5330842.26,327.34,3.31,-85.0,91.74,,
20191,E-289,294805.62,5330837.43,325.51,3.31,-65.0,183.48,,
20192,E-290,294836.27,5330851.28,325.51,183.31,-75.0,184.25,,
20194,E-292,294912.43,5330771.58,318.81,3.31,-70.0,182.88,,
20198,E-296,295040.94,5330991.1,318.5,2.31,-90.0,37.18,,
20199,E-297,295075.24,5330860.31,317.59,183.31,-80.0,76.5,,
20220,E-319,295168.63,5330877.92,318.5,93.31,-50.0,138.98,,
20313,G-1,293752.38,5331365.83,310.07,182.31,-47.0,342.9,,
20379,G-2,293824.9,5331362.83,309.71,182.31,-43.0,317.54,,
20401,G-4,293745.29,5331341.58,310.88,2.31,-45.67,355.09,,
20445,G-8,293741.59,5331122.2,316.79,360.65,-49.0,306.32,No_Litho,
24318,L13485,294594.15,5330808.07,309.05,183.14,-85.0,146.6,,
24319,L13486,294594.26,5330808.35,309.97,3.14,-80.0,146.91,,
24320,L13487,294617.26,5330811.49,311.49,152.14,-80.0,135.63,,
24321,L13488,294647.56,5330813.97,317.59,169.14,-65.0,41.45,,
24343,L13507,294647.56,5330813.97,316.67,169.14,-70.0,154.22,,
24390,L13550,294617.26,5330811.49,311.49,77.14,-70.0,132.58,,
24953,L14095,294672.11,5330813.61,325.48,3.14,-60.0,227.99,,
24954,L14096,294763.4,5330809.68,321.88,3.14,-55.0,231.03,,
25095,L14225,294738.0,5330872.35,323.62,2.31,-75.0,106.98,,
25096,L14225A,294738.0,5330872.35,323.62,182.31,-45.0,26.82,,
25097,L14226,294684.03,5330897.13,324.77,2.31,-71.0,78.63,,
25106,L14233,294750.11,5330832.01,324.14,2.31,-80.0,76.35,,
25550,L14665,294991.46,5330920.14,320.37,2.31,-70.0,76.2,,
25551,L14666,294996.17,5330919.65,320.44,182.31,-50.0,137.16,,
25553,L14670,295132.47,5331014.8,316.97,182.31,-75.0,76.2,,
25591,L14706,295147.08,5331032.59,319.29,182.31,-43.0,67.05,,
25592,L14707,295147.08,5331032.59,319.29,2.31,-90.0,54.98,,
25593,L14708,295147.08,5331032.58,319.29,2.31,-53.0,67.05,,
25654,L14763,295015.18,5330937.18,315.77,2.31,-70.0,80.77,,
25655,L14764,295015.18,5330937.18,315.77,182.31,-45.0,67.97,,
25656,L14765,294987.53,5330938.33,317.08,2.31,-90.0,92.99,,
25657,L14766,294987.53,5330938.33,317.08,182.31,-45.0,68.0,,
25658,L14767,294954.39,5330938.91,317.18,2.31,-70.0,86.25,,
25659,L14768,294954.39,5330938.91,317.18,182.31,-45.0,38.7,,
25660,L14769,294937.46,5330937.37,317.33,2.31,-70.0,86.98,,
35145,M-68,294614.25,5331060.02,300.69,182.31,-61.4,23.59,No_Litho,
35146,M-69,294613.24,5331065.88,302.21,2.31,-52.77,30.78,No_Litho,
35148,M-70,294613.91,5331065.19,302.06,89.29,-50.43,22.55,No_Litho,
35150,M-72,294594.75,5331061.42,300.11,2.31,90.0,7.31,,
35644,SpecialG,294741.78,5331075.89,315.04,123.89,-42.33,24.07,No_Assay,
