BHID,DIP,AT,AZ
10,43,0,173.31
10,47,30.48,173.31
10165,90,0,182.31
10165,88,60.96,182.31
10165,87,121.92,182.31
10165,82.5,182.88,182.31
10165,82.5,243.84,182.31
10165,76,304.8,182.31
10165,76,365.76,182.31
10166,90,0,2.31
10166,89.5,60.96,2.31
10166,90,106.68,2.31
10398,90,0,2.31
10398,77,58.52,2.31
10399,80,0,2.31
10400,90,0,182.31
10400,87.25,60.96,175.24
10400,88,121.92,168.17
10400,86.5,182.88,161.09
10400,85,249.93,153.31
10400,82.75,304.8,153.31
10401,90,0,2.31
10401,87.25,60.96,2.31
10401,83.5,121.92,2.31
10401,81.5,182.88,2.31
10401,77.75,243.84,2.31
10402,88,0,2.31
10402,84,60.96,2.31
10402,81,128.01,2.31
10416,90,0,182.31
10416,84,60.96,176.65
10416,80,121.92,170.98
10416,77.5,182.88,165.31
10416,76,221.89,165.31
10421,80,0,2.31
10421,79,121.92,2.31
10422,90,0,2.31
10422,86,60.96,2.31
10422,86,121.92,2.31
10422,87,182.88,2.31
10422,83.5,243.84,2.31
10422,82,304.8,2.31
10422,82,364.23,2.31
10422,82,365.76,2.31
10422,74,426.72,2.31
11,34,0,353.31
11,34,30.48,353.31
11,30,60.96,353.31
11241,90,0,2.31
11241,90,900,2.31
11242,90,0,2.31
11242,90,900,2.31
11263,90,0,2.31
11263,90,900,2.31
11264,90,0,2.31
11264,90,900,2.31
11265,90,0,2.31
11265,90,900,2.31
1135,90,0,2.31
1135,90,900,2.31
1136,90,0,2.31
1136,90,900,2.31
11575,80,0,180.31
11575,73,60.96,180.31
11575,71,121.92,180.31
11575,68,182.88,180.31
11575,64,228.6,182.31
11575,62.5,243.84,182.31
11576,90,0,182.31
11576,87.5,53.34,174.96
11576,87,76.2,171.81
11576,90,77.72,171.81
11577,74,0,182.31
11577,68.5,30.48,182.31
11577,66.5,60.96,182.31
11578,88,0,208.88
11578,84.5,60.96,205.35
11578,81.5,118.26,202.03
11578,80.5,173.12,198.85
11578,78,218.23,196.23
11578,75,234.08,195.31
11579,85,0,182.31
11579,81,60.96,186.07
11579,77,113.69,189.31
11580,86,0,168.31
11580,84,60.96,168.31
11580,76,121.92,168.31
11580,74,177.39,174.31
11580,77.5,218.84,174.31
11621,76.27,0,182.31
11621,75,45.72,185.81
11621,73,91.44,189.31
11622,76,0,172.84
11622,75,45.72,181.08
11622,67,91.44,189.31
11658,74.45,0,181.39
11658,72.5,45.72,183.27
11658,68.5,91.44,185.16
11658,61.5,170.07,188.4
11658,57,228.6,190.81
11658,57,265.17,192.31
12,59,0,353.31
12,61,30.48,353.31
12,59,54.86,353.31
12,59,67.05,353.31
12,57,91.44,353.31
12,54,121.92,353.31
12,52,152.4,353.31
13,40,0,353.31
13,37,30.48,353.31
13,30,60.96,353.31
13,24,91.44,353.31
13,20,121.92,353.31
13614,39,0,182.31
13614,38,9.14,182.31
13614,37,16.15,182.31
14,45,0,191.31
14,45,30.48,191.31
14,43,60.96,191.31
14341,50,0,358.31
14341,50,12.19,358.31
14341,49,28.95,358.31
14341,48,41.14,358.31
14341,47,82.9,357.31
14341,43,96.01,357.31
14341,40,117.34,357.31
14341,36,141.73,357.31
14341,36,153.92,357.31
14341,33,166.11,357.31
14341,33,174.34,357.31
14341,34,190.5,357.31
14341,32,202.69,357.31
14341,31,220.98,357.31
14341,30,233.17,357.31
14341,29,235.3,358.31
14342,70,0,2.31
14342,72,20.11,2.69
14342,71,44.5,3.14
14342,72,56.69,3.37
14342,72,74.98,3.72
14342,72,93.26,4.06
14342,73,105.46,4.29
14342,71,129.84,4.74
14342,70,148.13,5.08
14342,70,172.51,5.54
14342,70,190.8,5.88
14342,70,209.09,6.23
14342,71,213.66,6.31
14342,70,233.47,6.69
14342,70,251.76,7.05
14342,70,282.24,7.64
14342,70,300.53,7.99
14342,70,324.91,8.46
14342,71,343.2,8.81
14342,70,361.49,9.16
14342,70,369.11,9.31
14342,70,391.97,9.31
14342,73,410.26,9.31
14343,50,0,2.31
14343,49,15.24,9.31
14343,40,60.96,13.31
14343,31,121.92,17.31
14343,26,207.26,18.31
14343,23,240.79,17.31
14344,65,0,2.31
14344,63,13.71,8.31
14344,63,49.07,7.31
14344,63,152.7,9.31
14344,63,248.71,15.31
14344,62,347.77,17.31
14345,50,0,2.31
14345,49,12.49,358.31
14345,49,137.46,11.31
14345,46,244.14,15.31
14400,75,0,2.31
14400,73,18.59,358.31
14400,73,97.84,8.31
14400,73,216.71,10.31
14400,74,311.2,16.31
14400,75,384.35,15.31
14400,74,417.88,16.31
14972,76,0,2.31
14972,76,93.87,2.31
14972,75,106.07,2.31
14972,76,112.16,2.31
14972,77,118.26,361.31
14972,76,124.35,361.31
14972,77,130.45,361.31
14972,77,136.55,361.31
14972,77,244.75,8.81
14972,77,246.27,8.81
14972,78,252.37,8.81
14972,78.5,258.47,8.81
14972,78.5,270.66,8.81
14972,78,282.85,8.81
14972,78.5,394.1,7.31
14972,77.5,395.63,7.31
14973,74,0,2.31
14973,73,43.58,11.31
14973,74,75.59,11.47
14973,73.5,99.97,11.59
14973,72.5,118.26,11.68
14973,72,130.45,11.74
14973,72.5,144.17,11.81
14973,72,179.22,12.27
14973,72.5,197.51,12.5
14973,72.5,209.7,12.66
14973,72,221.89,12.82
14973,72.5,240.18,13.06
14973,72,259.99,13.31
14973,72.5,319.43,14.64
14973,73,356,15.46
14973,72,392.58,16.28
14973,72,394.1,16.31
14973,73,410.87,16.31
14974,66,0,2.31
14974,66,69.49,3.93
14974,65,107.59,4.81
14974,65,118.26,4.55
14974,65,130.45,4.24
14974,64,191.41,2.72
14974,63.5,215.79,362.11
14974,63,240.18,361.5
14974,63.5,264.56,360.89
14974,62.5,386.48,357.84
14974,61.5,427.63,356.81
14974,62,429.15,356.81
14975,60,0,2.31
14975,60,75.59,359.4
14975,59.5,87.78,358.93
14975,59,136.55,357.05
14975,58.5,142.64,356.81
14975,57,160.93,357.25
14975,56,185.31,357.83
14975,54,226.46,358.81
14975,55,240.18,359.01
14975,53.5,282.85,359.65
14975,53,325.52,360.28
14975,52,392.58,361.27
14975,51.5,410.87,361.54
14975,51,423.06,361.72
14975,50,429.15,361.81
14976,70,0,2.31
14976,70,26.82,2.31
14976,69,51.2,2.31
14976,68,69.49,2.31
14976,67.5,93.87,3.31
14976,66,203.6,3.9
14976,65,234.08,4.06
14976,64.5,281.33,4.31
14976,64,386.48,7.02
14976,63,397.76,7.81
14977,75,0,2.31
14977,76,87.78,360.53
14977,75.5,122.83,359.81
14977,75,173.12,360.75
14977,75,240.18,361.99
14977,76,284.37,2.81
14977,76,394.1,359.81
14977,76,395.63,359.36
14977,76,395.78,359.31
14978,65,0,182.31
14978,65,14.63,182.31
14978,64,39.01,182.31
14978,63,57.3,182.31
14978,62,75.59,182.31
14978,60.5,130.45,182.31
14978,60,173.12,182.31
14978,59,191.41,182.31
14978,58,270.66,182.31
14978,57,313.33,182.31
14978,55,343.81,182.31
14978,54,368.19,182.31
15,36,0,353.31
15,37,30.48,353.31
15,-35,60.96,353.31
15,-31,91.44,353.31
15025,49,0,182.31
15025,49,14.63,182.31
15025,48,39.01,182.31
15025,47,142.64,182.31
15025,46,185.31,182.31
15026,50,0,182.31
15026,50,112.16,191.81
15026,49,136.55,191.81
15026,48,185.31,191.81
15026,47,231.03,195.31
15026,46,264.56,195.31
15273,60,0,361.96
15273,59,18.28,360.81
15273,58,36.57,360.51
15273,59.5,103.63,359.72
15273,53,149.35,359.31
15273,52.5,225.55,4.21
15273,51.5,304.8,362.11
15273,52,335.28,360.64
15273,52,341.37,360.51
15273,51,344.42,360.44
15273,51,350.52,360.31
15273,51,356.61,360.17
15273,51,362.71,360.04
15273,50,368.8,359.9
15273,50,374.9,359.77
15273,50,381,359.63
15273,50,387.09,359.5
15273,49,395.63,359.91
15274,44,0,361.61
15274,44.5,42.67,4.61
15274,38.5,158.49,3.31
15274,45,182.88,361.31
15274,38.5,225.55,361.31
15274,34.5,277.36,3.91
15275,65,0,182.53
15275,66,15.24,182.97
15275,66,21.33,183.24
15275,65,27.43,183.5
15275,66,33.52,183.76
15275,66,39.62,184.03
15275,65,45.72,184.29
15275,65,51.81,184.56
15275,63,57.91,184.82
15275,64,64,185.09
15275,63,70.1,185.35
15275,62,76.2,185.61
15275,63,82.29,185.88
15275,62,88.39,186.14
15275,62,94.48,186.41
15275,62,100.58,186.67
15275,61,106.68,186.93
15275,62,112.77,187.2
15275,62,118.87,187.46
15275,61,124.96,187.73
15275,61,131.06,187.99
15275,61,137.16,188.26
15275,61,143.25,188.52
15275,61,149.35,188.78
15275,61,155.44,189.05
15275,62,161.54,190.11
15275,61,167.64,189.06
15275,60,173.73,188.81
15275,59,179.83,188.56
15275,59,185.92,188.31
15275,58,192.02,188.06
15275,57,198.12,187.81
15275,58,204.21,187.56
15275,58,210.31,187.31
15275,58,216.4,187.06
15275,58,222.5,186.81
15275,58,228.6,186.56
15275,60,234.69,186.31
15275,58,240.79,186.24
15275,58,246.88,186.17
15275,57,252.98,186.1
15275,56,259.08,186.04
15275,56,265.17,185.97
15275,57,271.27,185.9
15275,56,277.36,185.83
15275,57,283.46,185.76
15275,56,289.56,185.69
15275,55,295.65,185.62
15275,55,301.75,185.55
15275,55,307.84,185.48
15275,55,313.94,185.42
15275,56,323.08,185.91
15275,56,329.18,185.52
15275,55,335.28,185.73
15275,54,341.37,185.94
15275,53,347.47,186.15
15275,51,356.61,186.47
15275,52,362.71,186.68
15275,51,371.85,187
15275,51,377.95,187.21
15275,53.5,381,188.01
15275,50,384.04,187.28
15275,50,390.14,187.23
15275,50,396.24,187.18
15275,50,402.33,187.12
15275,50,408.43,187.07
15275,50,414.52,187.02
15275,49,420.62,186.96
15275,50,426.72,186.91
15275,50,432.81,186.86
15275,49,438.91,186.8
15275,49,445,186.75
15275,49,451.1,186.69
15275,48,457.2,186.64
15275,48,463.29,186.59
15275,48,469.39,186.53
15275,48,475.48,186.48
15275,47,481.58,186.43
15275,47,487.68,186.37
15275,47,493.77,186.32
15275,48,494.53,186.31
15276,59,0,182.28
15276,60,12.19,181.48
15276,60,15.24,181.52
15276,60,21.33,181.6
15276,60,24.38,181.65
15276,60,30.48,181.73
15276,60,36.57,181.81
15276,60,42.67,181.9
15276,60,51.81,182.02
15276,60,60.96,182.15
15276,59,67.05,182.23
15276,61.5,73.15,182.91
15276,60,76.2,182.4
15276,59,82.29,182.58
15276,59,88.39,182.77
15276,59,94.48,182.95
15276,58,100.58,183.13
15276,59,106.68,183.31
15276,58,112.77,183.49
15276,58,121.92,183.77
15276,58,128.01,183.95
15276,57,134.11,184.13
15276,58,140.2,184.31
15276,57,146.3,184.49
15276,57,152.4,184.68
15276,57,158.49,184.86
15276,56,164.59,185.04
15276,57,170.68,185.22
15276,56,176.78,185.4
15276,56,182.88,185.58
15276,55,188.97,185.77
15276,54,195.07,185.95
15276,54,204.21,186.22
15276,54,210.31,186.4
15276,53,216.4,186.58
15276,53,222.5,186.77
15276,53,228.6,186.95
15276,53,234.69,187.13
15276,53,240.79,187.31
15276,53,246.88,187.22
15276,52,252.98,187.13
15276,54,259.08,187.04
15276,54,265.17,186.94
15276,54,271.27,186.85
15276,53,277.36,186.76
15276,54,283.46,186.67
15276,54,289.56,186.58
15276,53,295.65,186.48
15276,53,301.75,186.39
15276,53,307.84,186.3
15276,53,313.94,186.21
15276,53,320.04,186.12
15276,52,326.13,186.02
15276,52,332.23,185.93
15276,52,338.32,185.84
15276,52,344.42,185.75
15276,49,373.38,185.91
15276,47,423.67,183.11
15277,59,0,183.34
15277,55,21.33,184.58
15277,55,27.43,184.95
15277,55,33.52,185.31
15277,54,42.67,185.86
15277,54,48.76,186.22
15277,54,54.86,186.58
15277,54,57.91,186.77
15277,54,64,187.13
15277,54,70.1,187.49
15277,54,76.2,187.86
15277,53,82.29,188.22
15277,53,88.39,188.58
15277,53,94.48,188.95
15277,53.4,100.58,189.31
15277,53,103.63,189.27
15277,53,109.72,189.19
15277,50,176.78,188.32
15277,51,179.83,188.28
15277,50,185.92,188.2
15277,49,192.02,188.12
15277,49,198.12,188.04
15277,48,204.21,187.96
15277,48,210.31,187.88
15277,47,216.4,187.8
15277,45,228.6,187.64
15277,44,234.69,187.56
15277,45,240.79,187.48
15277,45,246.88,187.4
15277,45,252.98,187.32
15277,46,253.89,187.31
15277,44,259.08,187.02
15277,44,265.17,186.67
15277,44,271.27,186.32
15277,43,274.32,186.14
15277,43,280.41,185.8
15277,44,286.51,185.45
15277,43,292.6,185.1
15277,43,298.7,184.75
15277,44,304.8,184.4
15277,43,310.89,184.05
15277,42,316.99,183.71
15277,43,323.08,183.36
15277,39,329.18,183.01
15277,39,338.32,182.49
15277,40.7,341.37,183.01
15277,39,347.47,182.31
15277,39,353.56,182.31
15277,39,362.71,182.31
15277,38,368.8,182.31
15277,39,374.9,182.31
15277,38,381,182.31
15277,38,387.09,182.31
15277,38,393.19,182.31
15277,38,399.28,182.31
15277,37,405.38,182.31
15277,37,411.48,182.31
15277,37,417.57,182.31
15277,37,423.67,183.01
16,45,0,173.31
16,48,30.48,173.31
16,44,60.96,173.31
16037,67,0,360.94
16037,67,30.48,361.89
16037,67,60.96,2.83
16037,66,118.56,4.61
16037,65,121.92,4.55
16037,65,182.88,3.37
16037,66,222.19,2.61
16037,64,304.8,7.72
16037,64.5,306.32,7.81
16037,62,365.76,5.41
16037,64.2,405.38,3.81
16037,64,426.72,4.68
16037,61.5,487.68,7.15
16037,64.12,489.2,7.21
16038,67.25,0,361.43
16038,68,30.48,361.13
16038,68,118.87,360.25
16038,67.3,131.06,360.13
16038,68,152.4,361.07
16038,66,213.36,3.76
16038,64.8,231.64,4.56
16038,62,274.32,4.45
16038,62.7,327.66,4.31
16038,61.5,335.28,4.42
16038,61,396.24,5.28
16038,62.5,413,5.51
16038,60,457.2,7.75
16038,61.5,466.34,8.21
16039,67.78,0,4.04
16039,66,30.48,3.34
16039,65,91.44,361.95
16039,66.4,92.96,361.91
16039,64.5,152.4,2.76
16039,66,204.21,3.51
16039,64.5,213.36,3.64
16039,64,274.32,4.51
16039,65.5,309.37,5.01
16039,63,335.28,4.65
16039,64,396.24,3.79
16039,65,416.05,3.51
16039,62,457.2,4.11
16039,64.5,484.63,4.51
16230,68,0,2.31
16230,66,36.57,2.31
16230,66,56.69,2.31
16231,90,0,2.31
16231,89,32.3,2.31
16231,90,62.78,2.31
16231,90,81.07,2.31
16232,63,0,2.31
16232,62,25.48,2.31
16233,53,0,2.31
16233,55,30.48,2.31
16233,55,47,2.31
16234,64,0,2.31
16234,64,30.48,2.31
16234,65,60.96,2.31
16234,64,91.44,2.31
16234,64,106.68,2.31
16235,88,0,182.31
16235,88,30.48,182.31
16235,86,46.69,182.31
16236,53,0,2.31
16236,55,30.48,2.31
16236,57,60.96,2.31
16236,58,76.2,2.31
16237,84,0,182.31
16237,84,30.48,182.31
16237,84,60.96,182.31
16238,85,0,182.31
16238,85,30.48,182.31
16238,86,60.96,182.31
16239,45,0,2.31
16239,45,30.48,2.31
16239,46,60.96,2.31
16239,46,85.34,2.31
16240,86,0,182.31
16240,85,30.48,182.31
16240,85,53.34,182.31
16241,66,0,2.31
16241,65,30.48,2.31
16241,66,60.96,2.31
16241,67,91.44,2.31
16241,67,108.2,2.31
16242,90,0,2.31
16242,87,30.48,2.31
16242,87,60.96,2.31
16242,87,91.44,2.31
16242,87,106.98,2.31
16243,43,0,2.31
16243,43,30.48,2.31
16244,82,0,182.31
16244,82,30.48,182.31
16246,45,0,2.31
16246,44,30.48,2.31
16246,43,60.96,2.31
16247,62,0,182.31
16247,62,30.48,182.31
16247,62,60.96,182.31
16247,62,76.5,182.31
16247,62,76.71,182.31
16295,60,0,2.31
16295,57,30.48,2.31
16295,59,50.04,2.31
16353,72,0,2.31
16353,72,30.48,2.31
16354,73,0,182.31
16354,74,30.48,182.31
16354,73,59.74,182.31
16355,80,0,182.31
16355,80,31.08,182.31
16356,84,0,182.31
16356,86,30.48,182.31
16356,85,59.74,182.31
16357,45,0,182.31
16357,44,30.48,182.31
16357,43,53.34,182.31
16358,84,0,2.31
16358,84,31.69,2.31
16358,84,52.73,2.31
16359,56,0,2.31
16359,56,30.48,2.31
16359,56,45.72,2.31
16360,84,0,182.31
16360,84,30.48,182.31
16360,83,60.96,182.31
16361,74,0,2.31
16361,74,34.74,2.31
16362,84.5,0,2.31
16362,84,30.48,360.31
16362,86,60.96,358.31
16362,86,91.44,356.31
16362,87,121.92,354.31
16362,87,152.09,352.33
16362,87,152.4,352.31
16362,88,182.88,352.31
16362,89,213.36,352.31
16382,56,0,2.31
16382,57,30.48,2.31
16383,70,0,182.31
16383,71,29.01,182.31
16383,71,48.76,182.31
16704,70,0,2.31
16704,71,32,2.31
16705,59,0,2.31
16705,60,25.9,2.31
16706,64,0,2.31
16706,63,36.57,2.31
16707,64,0,2.31
16707,65,33.52,2.31
16708,54,0,2.31
16708,56,45.72,2.31
16709,51,0,2.31
16709,52,33.52,2.31
16710,61,0,2.31
16710,62,38.1,2.31
16711,58,0,2.31
16711,59,36.57,2.31
16712,50,0,2.31
16712,48,45.72,2.31
16713,47.5,0,2.31
16713,55,36.57,2.31
16714,54.5,0,2.31
16714,63,44.19,2.31
16715,53.5,0,2.31
16715,58,20.42,2.31
16715,58,35.05,2.31
16716,79,0,182.31
16716,78,9.14,182.31
16716,78,35.05,182.31
16717,63,0,2.31
16717,63,11.27,2.31
16717,64,30.48,2.31
16718,54,0,2.31
16718,53,13.71,2.31
16718,53,30.48,2.31
16728,74,0,2.31
16728,76,9.75,2.31
16728,75,18.28,2.31
16729,74,0,2.31
16729,73,13.71,2.31
16730,74,0,2.31
16730,75,8.22,2.31
16730,75,33.52,2.31
16731,64,0,2.31
16731,64,9.14,2.31
16731,64,24.38,2.31
16732,75,0,182.31
16732,73,12.19,182.31
16732,72,32,182.31
16733,60,0,2.31
16733,59,12.8,2.31
16733,57,36.57,2.31
16734,81,0,182.31
16734,83,10.36,182.31
16734,83,27.43,182.31
16735,83,0,182.31
16735,83,10.66,182.31
16735,83,30.48,182.31
16736,72,0,2.31
16736,72,9.14,2.31
16736,72,32,2.31
17,35,0,353.31
17,35,30.48,353.31
17,30,60.35,353.31
17563,65,0,2.31
17563,64,21.33,2.31
17564,65,0,2.31
17564,64,30.48,2.31
17565,65,0,2.31
17565,65,31.08,2.31
17566,65,0,2.31
17566,64,32.61,2.31
17567,65,0,2.31
17567,64,30.48,2.31
17567,64,46.93,2.31
17568,65,0,2.31
17568,64,30.48,2.31
17568,64,36.57,2.31
17569,65,0,2.31
17569,64,30.48,2.31
17570,65,0,2.31
17570,64,31.08,2.31
17571,65,0,2.31
17571,64,44.8,2.31
17572,65,0,2.31
17572,63,30.48,2.31
17573,65,0,2.31
17573,64,41.45,2.31
17586,70,0,2.31
17586,69,22.25,2.31
17587,45,0,2.31
17587,45,40.53,2.31
17588,90,0,2.31
17588,89,30.48,2.31
17589,45,0,2.31
17589,43,30.48,2.31
17589,42,51.81,2.31
17590,45,0,2.31
17590,45,44.5,2.31
17591,40,0,2.31
17591,40,30.48,2.31
17591,40,62.48,2.31
17592,40,0,2.31
17592,40,30.48,2.31
17592,40,53.03,2.31
17593,90,0,2.31
17593,90,36.57,2.31
17594,85,0,182.31
17594,85,39.01,182.31
17600,75,0,2.31
17600,75,32.91,2.31
17601,65,0,2.31
17601,64,24.38,2.31
17602,90,0,2.31
17602,90,30.48,2.31
17602,90,42.06,2.31
17603,65,0,2.31
17603,65,30.48,2.31
17604,65,0,2.31
17604,64,30.48,2.31
17605,65,0,2.31
17605,65,18.28,2.31
17606,65,0,2.31
17606,65,30.48,2.31
17606,65,42.06,2.31
17607,65,0,2.31
17607,65,29.87,2.31
17608,65,0,2.31
17608,65,30.48,2.31
17609,70,0,2.31
17609,69,30.48,2.31
17609,69,51.81,2.31
17610,50,0,2.31
17610,50,30.48,2.31
17611,30,0,182.31
17611,35,48.76,182.31
17612,75,0,2.31
17612,75,30.48,2.31
17612,75,45.11,2.31
17613,65,0,2.31
17613,64,30.48,2.31
17614,35,0,182.31
17614,37,30.48,182.31
17614,37,49.68,182.31
17615,70,0,2.31
17615,74,30.48,2.31
17615,74,45.11,2.31
17616,50,0,2.31
17616,54,29.87,2.31
17617,40,0,182.31
17617,38,30.48,182.31
17638,70,0,182.31
17638,74,33.52,182.31
17639,80,0,182.31
17639,80,33.52,182.31
17640,90,0,2.31
17640,85,30.48,2.31
17641,70,0,182.31
17641,75,30.48,182.31
17642,65,0,2.31
17642,65,30.48,2.31
17643,65,0,2.31
17643,65,39.01,2.31
17644,65,0,2.31
17644,64,39.01,2.31
17645,65,0,2.31
17645,65,39.01,2.31
17670,63,0,182.31
17670,63,30.48,182.31
17671,60,0,2.31
17671,60,30.48,2.31
17672,45,0,2.31
17672,48,30.48,2.31
17673,65,0,2.31
17673,62,30.48,2.31
17674,65,0,2.31
17674,65,39.01,2.31
17837,85,0,182.31
17837,85,30.48,182.31
17837,85,60.96,182.31
17838,45,0,182.31
17838,44,30.48,182.31
17838,44,60.96,182.31
17839,45,0,182.31
17839,45,30.48,182.31
17840,45,0,182.31
17840,45,30.48,182.31
17840,46,60.96,182.31
17840,46,91.44,182.31
17841,45,0,182.31
17841,48,30.48,183.98
17841,47,60.96,185.65
17841,46,91.44,187.31
17842,45,0,2.31
17842,46,30.48,2.31
17842,47,60.96,2.31
17843,60,0,182.31
17843,62,30.48,182.31
17843,62,60.96,182.31
17843,62,76.2,182.31
17844,45,0,182.31
17844,48,30.48,184.64
17844,48,60.96,186.97
17844,49,91.44,189.29
17844,50,91.74,189.31
17845,45,0,182.31
17845,49,30.48,185.11
17845,48,60.96,187.91
17845,46,76.2,189.31
17846,45,0,2.31
17846,49,30.48,2.31
17846,48,60.96,2.31
17847,60,0,182.31
17847,61,30.48,182.31
17847,61,60.96,182.31
17856,60,0,182.31
17856,59,30.48,182.31
17856,58,60.96,182.31
17856,57,77.72,184.31
17881,55,0,2.31
17881,56,30.48,2.31
17881,55,60.96,2.31
17881,54,76.2,2.31
17882,40,0,2.31
17882,40,30.48,2.31
17882,40,60.96,2.31
17882,39,91.44,2.31
17883,45,0,2.31
17883,45,30.48,2.31
17883,45,60.96,2.31
17884,45,0,2.31
17884,40,30.48,2.31
17884,40,60.96,2.31
17884,41,91.44,2.31
17884,40,106.68,2.31
17885,60,0,2.31
17885,60,30.48,2.31
17885,60,60.96,2.31
17885,59,76.2,2.31
17886,45,0,2.31
17886,50,30.48,2.31
17886,49,60.96,2.31
17890,60,0,2.31
17890,60,30.48,2.31
17890,59,60.96,2.31
17891,40,0,2.31
17891,42,30.48,2.31
17891,41,60.96,2.31
17891,42,91.44,2.31
17891,42,103.63,2.31
17892,45,0,2.31
17892,45,30.48,2.31
17892,45,60.96,2.31
17893,55,0,2.31
17893,57,30.48,2.31
17893,56,60.96,2.31
17894,40,0,2.31
17894,43,30.48,2.31
17894,41,60.96,2.31
17894,41,89.61,2.31
17895,45,0,2.31
17895,47,30.48,2.31
17895,48,60.96,2.31
17895,48,76.2,2.31
17896,43,0,2.31
17896,45,30.48,2.31
17896,44,60.96,2.31
17896,44,76.2,2.31
17897,45,0,2.31
17897,44,30.48,2.31
17897,44,61.87,2.31
17898,60,0,2.31
17898,59,30.48,2.31
17898,59,60.96,2.31
17898,59,82.29,2.31
17899,40,0,2.31
17899,40,30.48,2.31
17899,39,60.96,2.31
17900,60,0,182.31
17900,60,30.48,182.31
17900,59,60.96,182.31
17901,60,0,2.31
17901,59,30.48,2.31
17901,59,60.96,2.31
17901,58,76.2,2.31
17902,40,0,2.31
17902,41,30.48,2.31
17902,41,60.96,2.31
17920,45,0,2.31
17920,46,30.48,2.31
17920,47,48.76,2.31
17921,65,0,2.31
17921,62,30.48,2.31
17921,64,51.81,2.31
17922,40,0,2.31
17922,40,30.48,2.31
17922,40,48.76,2.31
17923,60,0,2.31
17923,60,30.48,2.31
17923,59,54.86,2.31
17924,60,0,2.31
17924,61,30.48,2.31
17924,61,60.96,2.31
17924,61,76.2,2.31
17925,40,0,2.31
17925,40,60.96,2.31
17925,39,82.29,2.31
17926,45,0,2.31
17926,51,30.48,2.31
17926,49,60.96,2.31
17927,45,0,2.31
17927,44,30.48,2.31
17927,44,45.72,2.31
17928,45,0,2.31
17928,43,30.48,2.31
17928,44,45.72,2.31
17929,55,0,182.31
17929,57,30.48,182.31
17929,56,64,182.31
17930,75,0,182.31
17930,75,30.48,182.31
17930,73,51.81,182.31
17931,83,0,182.31
17931,83,30.48,182.31
17931,83,48.76,182.31
17932,75,0,182.31
17932,74,30.48,182.31
17932,75,45.72,182.31
17933,86,0,182.31
17933,85,30.48,182.31
17933,86,51.81,182.31
17934,90,0,2.31
17934,90,30.48,2.31
17934,90,54.86,2.31
17935,83,0,182.31
17935,83,900,182.31
17936,79,0,182.31
17936,79,30.48,182.31
17936,77,48.76,182.31
17937,45,0,2.31
17937,47,30.48,2.31
17937,47,60.96,2.31
17937,47,74.98,2.31
17938,47,0,2.31
17938,49,30.48,2.31
17938,49,60.96,2.31
17938,48,74.98,2.31
17939,45,0,2.31
17939,45,900,2.31
17940,47,0,2.31
17940,48,30.48,2.31
17940,48,60.96,2.31
17940,47,74.98,2.31
17941,45,0,2.31
17941,45,30.48,2.31
17941,44,60.96,2.31
17941,44,74.98,2.31
17942,45,0,2.31
17942,45,900,2.31
17943,47,0,2.31
17943,46,30.48,2.31
17943,46,60.96,2.31
17943,46,74.98,2.31
17944,48,0,2.31
17944,44,30.48,2.31
17944,44,60.96,2.31
17944,43,71.93,2.31
17945,47,0,2.31
17945,47,30.48,2.31
17945,43,60.96,2.31
17945,41,89.91,2.31
17946,45,0,2.31
17946,45,30.48,2.31
17946,45,60.96,2.31
17946,45,74.98,2.31
17947,47,0,2.31
17947,47,30.48,2.31
17947,47,60.96,2.31
17947,47,74.98,2.31
17948,50,0,2.31
17948,50,30.48,2.31
17948,50,41.75,2.31
17949,52,0,2.31
17949,50,35.96,2.31
17950,45,0,2.31
17950,45,900,2.31
17951,72,0,182.31
17951,72,30.48,182.31
17951,70,53.34,182.31
17952,88,0,182.31
17952,88,900,182.31
17953,47,0,2.31
17953,47,30.48,2.31
17953,47,60.96,2.31
17953,46,74.67,2.31
17954,47,0,2.31
17954,45,30.48,2.31
17954,44,60.96,2.31
17954,43,74.98,2.31
17955,84,0,182.31
17955,83,30.48,182.31
17955,83,50.9,182.31
17956,84,0,182.31
17956,84,900,182.31
17957,40,0,2.31
17957,40,30.48,2.31
17957,40,60.96,2.31
17957,39,83.51,2.31
17958,46,0,5.31
17958,46,30.48,5.31
17958,46,60.96,5.31
17958,47,76.2,5.31
17959,45,0,2.31
17959,47,30.48,2.31
17959,47,60.96,2.31
17959,47,71.93,2.31
17964,85,0,182.31
17964,84,30.48,182.31
17964,83,50.9,182.31
17965,84,0,182.31
17965,84,30.48,182.31
17965,83,50.29,182.31
17974,90,0,2.31
17974,90,30.48,2.31
17974,90,53.94,2.31
17975,90,0,2.31
17975,90,30.48,2.31
17975,90,59.74,2.31
17976,90,0,2.31
17976,90,900,2.31
17977,90,0,2.31
17977,90,900,2.31
17978,90,0,2.31
17978,90,30.48,2.31
17978,90,59.74,2.31
17979,90,0,2.31
17979,90,30.48,2.31
17979,90,59.74,2.31
17980,90,0,2.31
17980,90,900,2.31
17981,90,0,2.31
17981,90,900,2.31
17982,90,0,2.31
17982,90,900,2.31
17983,90,0,2.31
17983,90,900,2.31
17984,90,0,2.31
17984,90,900,2.31
17985,90,0,2.31
17985,90,900,2.31
17986,90,0,2.31
17986,90,900,2.31
17987,90,0,2.31
17987,90,900,2.31
17988,90,0,2.31
17988,90,900,2.31
17989,90,0,2.31
17989,90,30.48,2.31
17992,85,0,182.31
17992,85,30.48,182.31
17992,85,44.8,182.31
17993,85,0,182.31
17993,85,30.48,182.31
17993,85,47.85,182.31
17994,56,0,182.31
17994,56,27.43,182.31
17995,45,0,2.31
17995,48,30.48,2.31
17995,48,60.96,2.31
17996,45,0,2.31
17996,46,30.48,2.31
17996,46,60.96,2.31
17996,46,73.15,2.31
17997,45,0,2.31
17997,46,30.48,2.31
17997,46,60.96,2.31
17997,46,71.93,2.31
17997,46,71.96,2.31
18,35,0,353.31
18,35,30.48,353.31
18,31,60.96,353.31
18,25,91.44,353.31
18,20,121.92,353.31
18007,45,0,2.31
18007,45,900,2.31
18008,45,0,2.31
18008,45,900,2.31
18009,45,0,2.31
18009,45,900,2.31
18010,45,0,2.31
18010,45,900,2.31
18011,45,0,2.31
18011,48,30.48,2.31
18011,47,60.96,2.31
18012,45,0,2.31
18012,47,30.48,2.31
18012,47,60.96,2.31
18012,47,76.2,2.31
18012,47,89.91,2.31
18013,45,0,2.31
18013,45,30.48,2.31
18013,42,60.96,2.31
18013,41,89.91,2.31
18014,45,0,2.31
18014,44,30.48,2.31
18014,44,60.96,2.31
18014,44,89.91,2.31
18018,45,0,2.31
18018,45,30.48,2.31
18018,44,60.96,2.31
18018,44,89.91,2.31
18019,85,0,182.31
18019,85,900,182.31
18020,84,0,182.31
18020,84,900,182.31
18024,82,0,182.31
18024,82,900,182.31
18025,82,0,182.31
18025,82,30.48,182.31
18025,82,41.75,182.31
18026,45,0,182.31
18026,45,30.48,182.31
18026,43,60.96,182.31
18026,42,76.2,182.31
18027,45,0,182.31
18027,45,30.48,182.31
18027,45,60.96,182.31
18028,90,0,2.31
18028,90,900,2.31
18033,90,0,2.31
18033,90,900,2.31
18034,90,0,2.31
18034,90,900,2.31
18035,90,0,2.31
18035,90,900,2.31
18036,90,0,2.31
18036,90,900,2.31
18037,90,0,2.31
18037,90,900,2.31
18038,90,0,2.31
18038,90,900,2.31
18039,47,0,182.31
18039,47,30.48,182.31
18039,47,53.94,182.31
18039,47,77.72,182.31
18040,45,0,182.31
18040,45,30.48,182.31
18040,44,63.39,182.31
18049,45,0,182.31
18049,45,30.48,182.31
18049,45,44.8,182.31
18050,58,0,182.31
18050,58,900,182.31
18051,45,0,182.31
18051,45,900,182.31
18052,45,0,182.31
18052,45,30.48,182.31
18052,46,53.94,182.31
18053,45,0,182.31
18053,45,30.48,182.31
18053,45,44.8,182.31
18054,45,0,182.31
18054,45,30.48,182.31
18054,45,53.94,182.31
18055,90,0,2.31
18055,90,900,2.31
18056,90,0,2.31
18056,90,900,2.31
18057,45,0,182.31
18057,45,30.48,182.31
18057,46,65.83,182.31
18063,45,0,2.31
18063,44,29.87,2.31
18063,43,59.74,2.31
18063,43,92.96,2.31
18064,50,0,2.31
18064,49,30.48,2.31
18064,47,60.96,2.31
18065,45,0,2.31
18065,45,30.48,2.31
18065,44,60.96,2.31
18066,45,0,2.31
18066,43,30.48,2.31
18066,42,60.96,2.31
18067,45,0,2.31
18067,42,30.48,2.31
18067,42,60.96,2.31
18069,45,0,2.31
18069,43,30.48,2.31
18069,42,60.96,2.31
18069,41,91.44,2.31
18069A,45,0,2.31
18069A,45,30.48,2.31
18071,90,0,2.31
18071,90,900,2.31
18072,65,0,182.31
18072,65,30.48,182.31
18072,65,44.8,182.31
18073,72,0,2.31
18073,72,29.99,2.31
18074,78,0,2.31
18074,78,29.87,2.31
18075,55,0,182.31
18075,55,20.72,182.31
18076,75,0,2.31
18076,75,35.96,2.31
18077,75,0,2.31
18077,75,35.96,2.31
18078,64,0,182.31
18078,64,26.82,182.31
18079,90,0,2.31
18079,90,900,2.31
18080,86,0,182.31
18080,86,900,182.31
18081,58,0,182.31
18081,57,29.87,182.31
18082,45,0,2.31
18082,44,44.98,2.31
18083,45,0,2.31
18083,44,30.48,2.31
18083,45,62.78,2.31
18084,58,0,182.31
18084,57,39.01,182.31
18085,45,0,2.31
18085,44,24.38,2.31
18085,44,42,2.31
18086,68,0,182.31
18086,44,30.48,182.31
18086,43,39.01,182.31
18087,45,0,2.31
18087,44,59.74,2.31
18088,45,0,2.31
18088,44,30.48,2.31
18088,43,60.01,2.31
18089,55,0,182.31
18089,55,30.48,182.31
18089,54,47.85,182.31
18098,45,0,182.31
18098,50,30.48,182.31
18098,50,60.01,182.31
18099,45,0,182.31
18099,45,30.48,182.31
18100,45,0,2.31
18100,45,32.91,2.31
18101,60,0,182.31
18101,60,23.77,182.31
18102,45,0,2.31
18102,45,30.48,2.31
18102,45,53.94,2.31
18103,80,0,2.31
18103,80,21,2.31
18104,90,0,2.31
18104,90,900,2.31
18105,45,0,2.31
18105,45,30.48,2.31
18105,45,59.74,2.31
18105,45,60.01,2.31
18106,78,0,2.31
18106,78,900,2.31
18107,45,0,2.31
18107,45,29.87,2.31
18108,45,0,182.31
18108,45,900,182.31
18109,45,0,2.31
18109,45,35.96,2.31
18110,50,0,2.31
18110,50,30.48,2.31
18110,50,71.93,2.31
18111,60,0,2.31
18111,60,30.48,2.31
18111,60,53.94,2.31
18112,45,0,182.31
18112,45,30.48,182.31
18112,45,60.96,182.31
18112,45,89.91,182.31
18113,58,0,182.31
18113,58,900,182.31
18114,86,0,182.31
18114,86,900,182.31
18115,45,0,182.31
18115,45,74.98,182.31
18116,45,0,2.31
18116,45,900,2.31
18117,55,0,182.31
18117,54,30.48,182.31
18117,54,60.96,182.31
18118,45,0,2.31
18118,45,30.48,2.31
18118,45,53.94,2.31
18119,45,0,182.31
18119,45,30.48,182.31
18119,45,53.94,182.31
18120,45,0,2.31
18120,44,35.96,2.31
18121,45,0,2.31
18121,45,30.48,2.31
18121,45,50.9,2.31
18122,45,0,2.31
18122,45,30.48,2.31
18122,45,44.98,2.31
18123,45,0,182.31
18123,45,30.48,182.31
18123,45,48,182.31
18124,56,0,182.31
18124,56,33,182.31
18125,45,0,2.31
18125,45,32.91,2.31
18126,45,0,2.31
18126,65,30.48,2.31
18126,65,41.75,2.31
18127,55,0,182.31
18127,55,30.48,182.31
18127,55,56.38,182.31
18128,45,0,182.31
18128,45,89.91,182.31
18129,52,0,182.31
18129,52,30.48,182.31
18129,52,53.94,182.31
18130,45,0,2.31
18130,46,30.48,2.31
18130,46,43.28,2.31
18131,45,0,182.31
18131,45,30.48,182.31
18131,45,43.28,182.31
18132,62,0,182.31
18132,62,30.48,182.31
18132,62,47.85,182.31
18133,45,0,182.31
18133,45,39.01,182.31
18133,45,60.96,182.31
18133,45,89,182.31
18134,45,0,2.31
18134,45,29.99,2.31
18134,46,60.96,2.31
18135,45,0,2.31
18135,45,900,2.31
18136,45,0,2.31
18136,45,30.48,2.31
18136,45,62.78,2.31
18137,70,0,2.31
18137,65,30.48,2.31
18138,45,0,2.31
18138,45,30.48,2.31
18138,45,60.96,2.31
18138,45,76.2,2.31
18138,45,91.44,2.31
18139,45,0,182.31
18139,45,30.48,182.31
18139,45,60.96,182.31
18139,45,76.2,182.31
18160,45,0,2.31
18160,43,30.48,2.31
18160,43,60.96,2.31
18160,42,76.2,2.31
18161,45,0,2.31
18161,42,30.48,2.31
18161,42,60.96,2.31
18161,41,76.2,2.31
18162,45,0,2.31
18162,40,30.48,2.31
18162,40,60.96,2.31
18162,40,76.2,2.31
18163,45,0,2.31
18163,45,900,2.31
18164,45,0,2.31
18164,42,60.96,2.31
18164,42,76.2,2.31
18164,42,91.44,2.31
18165,45,0,2.31
18165,43,60.96,2.31
18165,42,76.2,2.31
18165,42,91.44,2.31
18166,45,0,2.31
18166,45,60.96,2.31
18166,43,76.2,2.31
18166,43,91.44,2.31
18167,45,0,2.31
18167,45,30.48,2.31
18167,45,60.96,2.31
18167,45,91.44,2.31
18168,45,0,2.31
18168,43,30.48,2.31
18168,43,60.96,2.31
18168,43,91.44,2.31
18169,45,0,2.31
18169,44,30.48,2.31
18169,43,60.96,2.31
18169,43,91.44,2.31
18170,45,0,2.31
18170,45,30.48,2.31
18170,45,60.96,2.31
18170,45,91.44,2.31
18171,45,0,2.31
18171,40,30.48,2.31
18171,40,60.96,2.31
18171,40,91.44,2.31
18172,45,0,2.31
18172,45,30.48,2.31
18172,45,60.96,2.31
18172,45,91.44,2.31
18173,45,0,2.31
18173,45,30.48,2.31
18173,43,60.96,2.31
18173,42,91.44,2.31
18176,45,0,2.31
18176,44,30.48,2.31
18176,44,60.96,2.31
18176,44,85.34,2.31
18177,70,0,182.31
18177,70,30.48,182.31
18177,70,60.96,182.31
18177,70,74.98,182.31
18178,70,0,182.31
18178,70,30.48,182.31
18178,70,60.01,182.31
18179,70,0,2.31
18179,70,30.48,2.31
18179,70,47.85,2.31
18180,75,0,182.31
18180,75,30.48,182.31
18180,70,53.94,182.31
18181,65,0,2.31
18181,65,30.48,2.31
18181,65,60.96,2.31
18183,45,0,2.31
18183,46,30.48,2.31
18183,46,60.96,2.31
18183,45,91.44,2.31
18185,70,0,182.31
18185,70,30.48,182.31
18185,70,60.96,182.31
18186,60,0,182.31
18186,60,30.48,182.31
18186,60,60.96,182.31
18186,60,91.44,182.31
18187,70,0,182.31
18187,70,30.48,182.31
18187,70,60.96,182.31
18188,65,0,2.31
18188,63,30.48,2.31
18189,65,0,182.31
18189,65,30.48,182.31
18189,65,60.96,182.31
18190,65,0,2.31
18190,65,30.48,2.31
18190,65,60.96,2.31
18191,70,0,182.31
18191,65,30.48,182.31
18191,65,60.96,182.31
18192,65,0,2.31
18192,64,30.48,2.31
18192,64,56.99,2.31
18193,75,0,182.31
18193,75,30.48,182.31
18193,75,56.99,182.31
18194,70,0,182.31
18194,70,30.48,182.31
18194,70,60.96,182.31
18195,70,0,2.31
18195,65,30.48,2.31
18196,45,0,2.31
18196,45,30.48,2.31
18196,45,60.96,2.31
18197,45,0,2.31
18197,45,30.48,2.31
18197,45,60.96,2.31
18198,45,0,2.31
18198,45,30.48,2.31
18198,45,60.96,2.31
18199,45,0,2.31
18199,44,30.48,2.31
18199,43,60.96,2.31
18199,43,91.44,2.31
18200,45,0,2.31
18200,45,30.48,2.31
18201,45,0,2.31
18201,44,30.48,2.31
18201,43,60.96,2.31
18202,45,0,2.31
18202,45,30.48,2.31
18202,45,60.96,2.31
18203,45,0,2.31
18203,45,30.48,2.31
18203,45,60.96,2.31
18203,44,90.52,2.31
18204,45,0,2.31
18204,45,30.48,2.31
18204,45,60.96,2.31
18204,45,91.44,2.31
18205,45,0,2.31
18205,45,30.48,2.31
18205,44,60.96,2.31
18205,44,90.52,2.31
18206,45,0,2.31
18206,48,30.48,2.31
18206,47,60.96,2.31
18206,45,91.44,2.31
18207,45,0,2.31
18207,45,30.48,2.31
18207,45,60.96,2.31
18207,45,91.44,2.31
18208,45,0,2.31
18208,45,30.48,2.31
18208,45,60.96,2.31
18208,45,91.44,2.31
18209,45,0,2.31
18209,45,30.48,2.31
18209,45,60.96,2.31
18209,45,91.44,2.31
18210,45,0,2.31
18210,45,30.48,2.31
18210,45,60.96,2.31
18210,45,91.44,2.31
18211,45,0,2.31
18211,45,30.48,2.31
18211,45,60.96,2.31
18211,46,91.44,2.31
18212,45,0,2.31
18212,45,30.48,2.31
18212,45,60.96,2.31
18212,45,91.44,2.31
18213,45,0,182.31
18213,44,30.48,182.31
18213,44,60.96,182.31
18214,64,0,2.31
18214,63,30.48,2.31
18214,63,68.88,2.31
18215,45,0,182.31
18215,45,30.48,182.31
18215,45,60.96,182.31
18215,45,86.86,182.31
18216,45,0,2.31
18216,49,30.48,2.31
18216,49,60.96,2.31
18216,49,89.91,2.31
18217,45,0,182.31
18217,45,30.48,182.31
18217,45,60.96,182.31
18217,45,96.49,182.31
18218,56,0,182.31
18218,56,30.48,182.31
18218,56,42,182.31
18219,45,0,2.31
18219,45,30.48,2.31
18219,45,44.8,2.31
18220,51,0,182.31
18220,51,30.48,182.31
18220,51,71.96,182.31
18221,45,0,2.31
18221,45,30.48,2.31
18221,45,48,2.31
18222,45,0,2.31
18222,45,29.87,2.31
18222,45,75.01,2.31
18223,45,0,182.31
18223,45,30.48,182.31
18223,45,47.85,182.31
18223,45,48,182.31
18224,45,0,2.31
18224,45,30.48,2.31
18224,45,47.85,2.31
18225,45,0,182.31
18225,45,29.87,182.31
18225,43,71.93,182.31
18226,45,0,2.31
18226,45,29.87,2.31
18226,45,60.01,2.31
18227,45,0,2.31
18227,45,30.48,2.31
18227,45,60.96,2.31
18227,45,89.91,2.31
18228,45,0,182.31
18228,45,30.48,182.31
18228,45,60.96,182.31
18228,45,74.98,182.31
18229,45,0,182.31
18229,45,30.48,182.31
18229,45,53.34,182.31
18230,65,0,182.31
18230,65,30.48,182.31
18230,65,53.94,182.31
18231,65,0,182.31
18231,65,35.99,182.31
18232,45,0,182.31
18232,45,30.48,182.31
18233,45,0,182.31
18233,46,33.22,182.31
18234,45,0,2.31
18234,45,42,2.31
18243,45,0,2.31
18243,45,30.48,2.31
18243,45,60.96,2.31
18244,45,0,2.31
18244,45,30.48,2.31
18244,45,60.96,2.31
18245,45,0,2.31
18245,45,30.48,2.31
18245,45,60.96,2.31
18246,45,0,2.31
18246,45,30.48,2.31
18246,45,60.96,2.31
18246,45,91.44,2.31
18247,45,0,2.31
18247,45,30.48,2.31
18248,45,0,182.31
18248,45,30.48,182.31
18249,70,0,2.31
18249,70,15.24,2.31
18250,45,0,182.31
18250,45,33.52,182.31
18250,45,60.96,182.31
18251,45,0,182.31
18251,45,30.48,182.31
18252,45,0,2.31
18252,44,30.48,2.31
18252,44,60.96,2.31
18255,45,0,2.31
18255,45,30.48,2.31
18255,45,60.96,2.31
18255,45,75.01,2.31
18256,45,0,182.31
18256,56,35.96,182.31
18257,62,0,2.31
18257,62,30.48,2.31
18257,62,53.94,2.31
18258,74,0,2.31
18258,74,30.48,2.31
18258,73,65.83,2.31
18259,45,0,182.31
18259,45,30.48,182.31
18259,44,45.5,182.31
18259,45,75.01,182.31
18260,67,0,182.31
18260,67,30.48,182.31
18260,67,59.74,182.31
18261,60,0,2.31
18261,60,30.48,2.31
18261,60,44.8,2.31
18261,60,44.98,2.31
18262,53,0,2.31
18262,53,39.01,2.31
18263,50,0,2.31
18263,50,30.48,2.31
18263,50,56.99,2.31
18264,60,0,2.31
18264,63,29.99,2.31
18264,62,53.18,2.31
18274,82,0,182.31
18274,82,30.48,182.31
18274,82,60.96,182.31
18275,85,0,182.31
18275,85,30.48,182.31
18276,45,0,182.31
18276,45,30.48,182.31
18277,56,0,182.31
18277,56,30.48,182.31
18277,56,53.94,182.31
18278,82,0,182.31
18278,82,30.48,182.31
18278,82,53.94,182.31
18279,67,0,2.31
18279,67,42.06,2.31
18280,80,0,182.31
18280,80,30.48,182.31
18291,45,0,182.31
18291,45,30.48,182.31
18291,45,60.96,182.31
18292,62,0,182.31
18292,62,30.48,182.31
18292,62,67.36,182.31
18295,48,0,182.31
18295,45,30.48,182.31
18295,45,43.89,182.31
18296,65,0,182.31
18296,65,30.48,182.31
18296,65,46.93,182.31
18297,45,0,182.31
18297,45,30.48,182.31
18297,45,48,182.31
18298,45,0,2.31
18298,45,30.48,2.31
18298,45,53.94,2.31
18299,45,0,2.31
18299,45,30.48,2.31
18299,45,68.88,2.31
18300,80,0,2.31
18300,80,30.48,2.31
18301,70,0,182.31
18301,70,30.48,182.31
18301,70,60.96,182.31
18302,60,0,182.31
18302,60,30.48,182.31
18303,60,0,182.31
18303,53,30.48,182.31
18304,62,0,2.31
18304,62,30.48,2.31
18304,62,59.74,2.31
18304,62,60.01,2.31
18305,57,0,182.31
18305,57,30.48,182.31
18305,57,60.96,182.31
18306,70,0,182.31
18306,70,30.48,182.31
18306,70,68.88,182.31
18307,70,0,182.31
18307,70,30.48,182.31
18307,70,60.96,182.31
18308,70,0,182.31
18308,70,30.48,182.31
18308,64,60.96,182.31
18308,65,73.15,182.31
18309,65,0,2.31
18309,65,30.48,2.31
18310,68,0,182.31
18310,68,30.48,182.31
18310,68,56.99,182.31
18311,60,0,182.31
18311,60,30.48,182.31
18311,60,60.96,182.31
18311,60,77.72,182.31
18325,58,0,182.31
18325,58,30.48,182.31
18326,58,0,182.31
18326,58,30.48,182.31
18327,58,0,182.31
18327,58,30.48,182.31
18328,45,0,182.31
18328,45,900,182.31
18329,45,0,182.31
18329,45,30.48,182.31
18330,45,0,182.31
18330,45,30.48,182.31
18331,45,0,182.31
18331,45,30.48,182.31
18336,45,0,182.31
18336,45,30.48,182.31
18336,45,56.99,182.31
18337,70,0,2.31
18337,70,14.93,2.31
18338,45,0,182.31
18338,45,30.48,182.31
18338,45,60.96,182.31
18339,45,0,182.31
18339,44,30.48,182.31
18339,43,60.96,182.31
18339,43,74.98,182.31
18340,45,0,182.31
18340,45,30.48,182.31
18340,45,59.74,182.31
18340,45,60.01,182.31
18341,45,0,182.31
18341,45,30.48,182.31
18341,45,68.88,182.31
18342,45,0,182.31
18342,45,30.48,182.31
18342,44,60.96,182.31
18343,45,0,182.31
18343,45,30.48,182.31
18343,45,60.96,182.31
18344,55,0,182.31
18344,54,30.48,182.31
18344,54,60.96,182.31
18345,50,0,182.31
18345,45,30.48,182.31
18345,45,60.96,182.31
18346,75,0,182.31
18346,75,29.68,182.31
18347,65,0,2.31
18347,65,27,2.31
18348,45,0,2.31
18348,45,13.41,2.31
18349,77,0,2.31
18349,77,900,2.31
18350,45,0,182.31
18350,45,35.96,182.31
18351,64,0,182.31
18351,64,30.48,182.31
18351,64,48.76,182.31
18352,56,0,182.31
18352,55,30.48,182.31
18352,55,60.96,182.31
18353,56,0,182.31
18353,56,30.48,182.31
18353,56,54.86,182.31
18354,55,0,2.31
18354,55,30.48,2.31
18354,55,47.85,2.31
18355,52,0,182.31
18355,52,30.48,182.31
18355,52,54.86,182.31
18357,45,0,182.31
18357,45,30.48,182.31
18357,45,60.96,182.31
18357,45,89,182.31
18358,65,0,182.31
18358,65,30.48,182.31
18358,64,62.78,182.31
18359,60,0,182.31
18359,60,30.48,182.31
18360,45,0,182.31
18360,45,41.75,182.31
18361,80,0,182.31
18361,80,30.48,182.31
18361,80,62.78,182.31
18362,80,0,182.31
18362,80,30.48,182.31
18362,80,62.48,182.31
18363,45,0,2.31
18363,45,35.96,2.31
18366,70,0,182.31
18366,70,30.48,182.31
18366,70,57.91,182.31
18367,45,0,182.31
18367,45,30.48,182.31
18367,45,54.86,182.31
18368,84,0,182.31
18368,85,30.48,182.31
18368,85,47.85,182.31
18369,58,0,182.31
18369,58,30.48,182.31
18370,75,0,2.31
18370,75,29.56,2.31
18371,75,0,182.31
18371,75,29.56,182.31
18372,45,0,182.31
18372,45,30.48,182.31
18373,58,0,2.31
18373,58,30.48,2.31
18373,58,68.88,2.31
18374,60,0,182.31
18374,60,30.48,182.31
18375,70,0,182.31
18375,70,30.48,182.31
18375,70,59.13,182.31
18376,74,0,182.31
18376,74,30.48,182.31
18377,45,0,182.31
18377,45,30.48,182.31
18377,45,62.78,182.31
18378,70,0,182.31
18378,70,30.48,182.31
18378,70,59.43,182.31
18379,45,0,182.31
18379,45,30.48,182.31
18380,45,0,2.31
18380,45,30.48,2.31
18380,45,71.93,2.31
18381,70,0,2.31
18381,70,30.48,2.31
18381,70,47.85,2.31
18382,58,0,182.31
18382,58,30.48,182.31
18389,65,0,182.31
18389,65,30.48,182.31
18389,65,60.96,182.31
18389,64,82.29,182.31
18390,70,0,182.31
18390,70,30.48,182.31
18390,70,65.83,182.31
18391,60,0,182.31
18391,60,30.48,182.31
18391,60,60.96,182.31
18391,59,85.03,182.31
18392,64,0,182.31
18392,64,30.48,182.31
18392,64,60.96,182.31
18392,63,91.44,182.31
18393,60,0,182.31
18393,59,30.48,183.65
18393,60,45.72,184.31
18393,58,60.96,185.81
18393,59,76.2,187.31
18393,58,106.68,187.31
18393,57,121.92,187.31
18394,55,0,2.31
18394,55,30.48,2.31
18394,55,60.96,2.31
18394,55,91.44,2.31
18394,55,121.92,2.31
18394A,49,0,2.31
18394A,49,30.48,2.31
18394A,49,60.96,2.31
18395,61,0,182.31
18395,61,30.48,182.31
18395,61,60.96,182.31
18395,61,91.44,182.31
18395,61,110.94,182.31
18402,45,0,182.31
18402,45,30.48,182.31
18402,45,50.9,182.31
18403,51,0,182.31
18403,50,41.75,182.31
18404,40,0,2.31
18404,40,30.48,2.31
18404,39,60.96,2.31
18404,38,82.29,2.31
18405,55,0,182.31
18405,55,30.48,182.31
18406,49,0,2.31
18406,49,30.48,2.31
18406,48,68.88,2.31
18407,59,0,182.31
18407,59,30.48,182.31
18407,59,50.29,182.31
18408,55,0,182.31
18408,55,41.75,182.31
18409,55,0,2.31
18409,55,30.48,2.31
18409,55,60.96,2.31
18409,55,77.72,2.31
18410,57,0,182.31
18410,60,30.48,182.31
18410,60,50.9,182.31
18411,84,0,2.31
18411,84,30.48,2.31
18411,84,60.01,2.31
18412,86,0,182.31
18412,86,30.48,182.31
18412,86,60.96,182.31
18412,85,91.44,182.31
18413,73,0,182.31
18413,73,30.48,182.31
18413,73,60.96,182.31
18413,73,91.44,182.31
18414,60,0,182.31
18414,60,28.95,185.81
18414,60,30.48,185.81
18414,59,60.96,184.81
18414,58,96.01,187.31
18415,69,0,182.31
18415,69,30.48,182.31
18416,86,0,182.31
18416,86,30.48,182.31
18416,86,60.96,182.31
18416,86,91.44,182.31
18417,81,0,182.31
18417,80,30.48,182.31
18418,60,0,182.31
18418,59,30.48,182.31
18419,51,0,2.31
18419,51,30.48,2.31
18419,51,60.96,2.31
18420,79,0,2.31
18420,79,30.48,2.31
18420,79,60.96,2.31
18420,79,85.34,2.31
18421,50,0,182.31
18421,50,30.48,182.31
18421,49,60.96,182.31
18421,49,91.44,182.31
18421,49,113.99,182.31
18422,70,0,2.31
18422,68,30.48,2.31
18423,90,0,2.31
18423,90,30.48,2.31
18423,90,60.96,2.31
18424,62,0,2.31
18424,62,30.48,2.31
18424,62,60.96,2.31
18424,61,91.44,2.31
18424,61,121.92,2.31
18425,80,0,182.31
18425,80,30.48,182.31
18425,79,60.96,182.31
18425,79,91.44,182.31
18426,75,0,2.31
18426,75,30.48,2.31
18426,75,60.96,2.31
18427,48,0,2.31
18427,48,30.48,2.31
18427,47,60.96,2.31
18428,49,0,2.31
18428,49,30.48,2.31
18428,48,60.96,2.31
18428,48,77.72,2.31
18429,85,0,2.31
18429,85,30.48,2.31
18429,84,60.96,2.31
18430,72,0,182.31
18430,70,30.48,182.31
18430,69,60.96,182.31
18430,68,91.44,182.31
18431,78,0,182.31
18431,76,30.48,182.31
18431,75,68.88,182.31
18432,73,0,2.31
18432,73,30.48,2.31
18432,73,60.96,2.31
18432,73,91.44,2.31
18432,73,121.92,2.31
18433,82,0,2.31
18433,81,30.48,2.31
18435,80,0,182.31
18435,80,30.48,182.31
18435,80,60.96,182.31
18435,79,91.44,182.31
18436,45,0,2.31
18436,44,30.48,2.31
18437,75,0,182.31
18437,72,30.48,182.31
18437,71,60.96,182.31
18437,71,91.44,182.31
18438,90,0,2.31
18438,89,30.48,2.31
18438,89,60.96,2.31
18438,89,85.34,2.31
18439,65,0,182.31
18439,63,30.48,182.31
18439,62,60.96,182.31
18440,45,0,2.31
18440,43,30.48,2.31
18440,43,60.96,2.31
18441,65,0,182.31
18441,64,30.48,182.31
18441,64,57.6,182.31
18442,84,0,2.31
18442,84,30.48,2.31
18442,84,54.86,2.31
18443,45,0,2.31
18443,44,30.48,2.31
18443,44,60.96,2.31
18444,75,0,182.31
18444,75,30.48,182.31
18444,75,60.96,182.31
18444,74,91.44,182.31
18445,45,0,182.31
18445,44,30.48,182.31
18445,44,60.96,182.31
18446,80,0,182.31
18446,79,30.48,182.31
18446,79,60.96,182.31
18447,48,0,182.31
18447,49,30.48,182.31
18447,49,60.96,182.31
18448,45,0,182.31
18448,47,30.48,182.31
18448,46,60.96,182.31
18448,45,85.34,182.31
18449,69,0,182.31
18449,69,30.48,182.31
18449,68,60.96,182.31
18449,68,90,182.31
18450,83,0,2.31
18450,83,30.48,2.31
18451,73,0,182.31
18451,74,30.17,184.79
18451,74,30.48,184.81
18451,74,60.96,184.81
18451,76,77.72,184.81
18452,45,0,182.31
18452,45,28.95,188.81
18452,45,30.48,188.71
18452,44,59.43,186.81
18452,44,60.96,186.74
18452,44,92.96,185.31
18454,84,0,182.31
18454,83,30.48,182.31
18454,82,60.96,182.31
18454,81,91.44,182.31
18454,80,121.92,182.31
18455,45,0,2.31
18455,45,30.48,2.31
18455,45,60.96,2.31
18455,45,91.44,2.31
18455,44,121.92,2.31
18455,44,137.16,2.31
18456,66,0,2.31
18456,66,30.48,2.31
18456,66,54.86,2.31
18457,51,0,2.31
18457,53,30.48,2.31
18457,54,60.96,2.31
18457,54,91.44,2.31
18458,73,0,182.31
18458,73,30.48,182.31
18458,73,60.96,182.31
18459,45,0,182.31
18459,45,30.48,182.31
18459,44,59.74,182.31
18460,62,0,182.31
18460,62,30.48,182.31
18460,62,60.96,182.31
18460,61,91.44,182.31
18460,60,121.92,182.31
18460,60,137.16,182.31
18461,69,0,182.31
18461,69,30.48,182.31
18461,68,60.96,182.31
18462,90,0,2.31
18462,90,30.48,2.31
18462,89,60.96,2.31
18462,89,91.44,2.31
18462,88,110.64,2.31
18463,90,0,2.31
18463,90,30.48,2.31
18463,89,60.96,2.31
18463,89,91.44,2.31
18463,89,113.99,2.31
18464,80,0,2.31
18464,79,28.95,14.31
18464,79,30.48,2.31
18464,79,59.43,3.31
18464,79,60.96,3.31
18464,79,89.91,8.31
18464,79,91.44,8.31
18465,77,0,182.31
18465,77,30.48,182.31
18465,76,60.96,182.31
18465,75,91.44,182.31
18465,75,113.99,182.31
18466,65,0,182.31
18466,65,30.48,182.31
18466,64,60.96,182.31
18466,64,89.91,182.31
18467,71,0,182.31
18467,70,30.48,182.31
18467,70,60.96,182.31
18467,69,91.44,182.31
18467,69,113.99,182.31
18468,76,0,182.31
18468,75,30.48,182.31
18468,75,60.96,182.31
18468,74,91.44,182.31
18468,74,110.94,182.31
18469,80,0,182.31
18469,80,45.72,182.31
18469,79,91.44,182.31
18470,63,0,2.31
18470,63,30.48,2.31
18470,63,54.86,2.31
18471,84,0,2.31
18471,84,30.48,2.31
18471,84,60.96,2.31
18472,60,0,182.31
18472,60,30.48,187.47
18472,60,38.4,188.81
18472,60,60.96,182.31
18472,60,68.88,184.81
18473,76,0,182.31
18473,75,30.48,182.31
18473,75,60.96,182.31
18474,56,0,182.31
18474,56,30.48,182.31
18474,55,60.96,182.31
18474,55,91.44,182.31
18474,55,110.94,182.31
18475,45,0,182.31
18475,45,30.48,182.31
18475,45,60.96,182.31
18475,44,89.91,182.31
18476,45,0,182.31
18476,45,30.48,182.31
18476,45,60.96,182.31
18476,44,91.44,182.31
18477,45,0,2.31
18477,45,30.48,2.31
18477,44,60.96,2.31
18477,43,91.44,2.31
18478,46,0,182.31
18478,45,30.48,182.31
18478,44,59.74,182.31
18479,81,0,2.31
18479,81,17.98,2.31
18480,80,0,2.31
18480,80,14.93,2.31
18481,45,0,2.31
18481,44,39.01,2.31
18482,48,0,182.31
18482,45,30.48,182.31
18482,45,54.01,182.31
18483,45,0,182.31
18483,44,29.87,182.31
18484,45,0,2.31
18484,45,30.48,2.31
18484,45,60.96,2.31
18485,76,0,2.31
18485,76,900,2.31
18486,65,0,2.31
18486,64,30.48,2.31
18486,64,50.9,2.31
18487,75,0,182.31
18487,74,24.38,182.31
18487,74,50.9,182.31
18488,90,0,2.31
18488,90,30.48,2.31
18488,90,60.96,2.31
18488,89,91.44,2.31
18488,89,121.92,2.31
18489,82,0,182.31
18489,81,30.48,182.31
18489,81,60.96,182.31
18489,80,91.44,182.31
18489,80,121.92,182.31
18490,59,0,182.31
18490,58,30.48,180.31
18490,58,45.72,179.31
18490,58,60.96,178.31
18490,58,76.2,177.31
18490,57,106.68,183.31
18490,58,137.16,189.31
18490,58,166.11,182.31
18491,67,0,182.31
18491,67,23.77,182.31
18492,45,0,182.31
18492,45,22.86,182.31
18493,63,0,182.31
18493,63,30.48,182.31
18493,63,60.96,182.31
18493,62,91.44,182.31
18493,62,106.68,182.31
18494,57,0,182.31
18494,56,30.48,182.31
18494,55,60.96,182.31
18494,54,98.75,182.31
18495,61,0,182.31
18495,61,30.48,182.31
18495,60,60.96,182.31
18495,60,91.44,182.31
18496,75,0,2.31
18496,75,30.48,2.31
18496,75,60.96,2.31
18496,75,91.44,2.31
18496,76,121.92,2.31
18496,76,152.4,2.31
18496,76,182.88,2.31
18497,74,0,182.31
18497,74,30.48,182.31
18497,73,60.96,182.31
18497,72,91.44,182.31
18497,71,121.92,182.31
18498,70,0,182.31
18498,69,30.48,182.31
18498,69,60.96,182.31
18498,68,91.44,182.31
18498,67,121.92,182.31
18499,73,0,182.31
18499,73,30.48,182.31
18499,71,60.96,182.31
18499,69,91.44,182.31
18499,67,121.92,182.31
18499,65,152.4,182.31
18500,70,0,182.31
18500,70,30.48,182.31
18500,69,60.96,182.31
18500,68,91.44,182.31
18500,68,121.92,182.31
18500,67,152.4,182.31
18500,67,182.88,182.31
18501,60,0,182.31
18501,60,900,182.31
18502,57,0,182.31
18502,57,30.48,182.31
18502,56,60.96,182.31
18502,56,91.44,182.31
18502,55,109.72,182.31
18503,45,0,2.31
18503,45,30.48,2.31
18503,45,60.96,2.31
18503,44,91.44,2.31
18503,44,106.68,2.31
18504,45,0,2.31
18504,44,30.48,2.31
18504,42,60.96,2.31
18504,40,91.44,2.31
18504,39,121.92,2.31
18509,45,0,2.31
18509,43,45.72,2.31
18510,76,0,182.31
18510,76,30.48,182.31
18510,76,60.96,182.31
18510,75,91.44,182.31
18510,75,121.92,182.31
18510,74,152.4,182.31
18510,74,182.88,182.31
18511,61,0,182.31
18511,61,36.57,180.31
18511,61,97.53,174.31
18511,61,128.01,169.31
18511,60,158.49,169.31
18511,60,188.97,169.31
18512,77,0,182.31
18512,77,30.48,182.31
18512,77,60.96,182.31
18512,76,91.44,182.31
18512,75,121.92,182.31
18512,75,152.4,182.31
18512,75,182.88,182.31
18513,68,0,182.31
18513,68,30.48,182.31
18513,67,60.96,182.31
18513,67,91.44,182.31
18513,66,121.92,182.31
18513,66,134.72,182.31
18514,78,0,182.31
18514,78,30.48,182.31
18514,78,60.96,182.31
18515,52,0,182.31
18515,52,30.48,182.31
18515,52,60.96,182.31
18515,52,85.34,182.31
18516,52,0,2.31
18516,53,30.48,2.31
18516,53,60.96,2.31
18516,52,91.44,2.31
18516,52,118.87,2.31
18517,82,0,182.31
18517,82,30.48,182.31
18517,81,60.96,182.31
18517,80,91.44,182.31
18517,79,121.92,182.31
18518,84,0,182.31
18518,84,30.48,182.31
18518,83,60.96,182.31
18519,52,0,182.31
18519,52,30.48,182.31
18519,51,60.96,182.31
18519,50,91.44,182.31
18519,49,121.92,182.31
18520,90,0,2.31
18520,90,30.48,2.31
18520,90,60.96,2.31
18520,89,91.44,2.31
18520,89,121.92,2.31
18521,86,0,2.31
18521,86,30.48,2.31
18521,86,60.96,2.31
18521,85,91.44,2.31
18521,85,121.92,2.31
18522,57,0,182.31
18522,57,30.48,182.31
18522,56,60.96,182.31
18522,56,91.44,182.31
18522,55,121.92,182.31
18522,55,152.4,182.31
18522,54,167.64,182.31
18523,80,0,182.31
18523,79,45.72,182.31
18523,78,94.48,182.31
18524,65,0,2.31
18524,65,30.48,2.31
18524,64,60.96,2.31
18524,64,91.44,2.31
18524,63,121.92,2.31
18524,63,152.4,2.31
18525,76,0,2.31
18525,76,30.48,2.31
18525,76,60.96,2.31
18525,75,91.44,2.31
18525,75,121.92,2.31
18525,75,152.4,2.31
18525,75,182.88,2.31
18525,75,197.81,2.31
18526,45,0,2.31
18526,45,30.48,2.31
18526A,45,0,2.31
18526A,45,45.72,2.31
18526A,44,91.44,2.31
18528,67,0,182.31
18528,67,900,182.31
18529,45,0,182.31
18529,49,30.48,182.31
18529,48,60.96,182.31
18529,48,91.44,182.31
18529,47,121.92,182.31
18529,47,140.2,182.31
18530,67,0,2.31
18530,67,30.48,2.31
18530,66,60.96,2.31
18530,66,91.44,2.31
18530,66,121.92,2.31
18530,65,152.4,2.31
18530,65,182.88,2.31
18531,84,0,2.31
18531,84,30.48,2.31
18531,84,60.96,2.31
18531,84,91.44,2.31
18532,63,0,182.31
18532,63,30.48,182.31
18532,62,60.96,182.31
18532,62,88.39,182.31
18533,62,0,182.31
18533,62,30.48,182.31
18533,61,60.96,182.31
18533,61,91.44,182.31
18533,60,121.92,182.31
18533,59,152.4,182.31
18533,59,182.88,182.31
18534,40,0,182.31
18534,39,30.48,182.31
18534,39,60.96,182.31
18534,39,91.44,182.31
18534,38,121.92,182.31
18534,38,146.3,182.31
18536,90,0,2.31
18536,89,30.48,2.31
18537,45,0,182.31
18537,46,30.48,182.31
18537,46,60.96,182.31
18545,57,0,2.31
18545,56,30.48,2.31
18545,56,60.96,2.31
18545,55,103.63,2.31
18546,71,0,2.31
18546,71,30.48,2.31
18546,70,60.96,2.31
18546,70,91.44,2.31
18546,70,121.92,2.31
18546,70,152.4,2.31
18546,70,182.88,2.31
18546,69,213.36,2.31
18546,69,238.96,2.31
18547,86,0,2.31
18547,86,30.48,2.31
18547,86,60.96,2.31
18547,86,91.44,2.31
18548,84,0,2.31
18548,84,30.48,2.31
18548,84,60.96,2.31
18549,74,0,182.31
18549,74,45.72,182.31
18549,73,91.44,182.31
18550,70,0,182.31
18550,69,45.72,182.31
18551,70,0,182.31
18551,70,45.72,182.31
18551,69,80.77,182.31
18552,64,0,182.31
18552,64,30.48,182.31
18552,63,60.96,182.31
18558,45,0,2.31
18558,45,45.72,7.37
18558,43,126.49,16.31
18558,40,249.93,19.31
18571,82,0,2.31
18571,82,45.72,2.31
18571,82,91.44,2.31
18590,46,0,179.31
18590,45,45.72,179.31
18590,44,76.2,179.31
18590,43,137.16,179.31
18590,43,152.4,179.31
18591,78,0,2.31
18591,78,45.72,2.31
18591,78,91.44,2.31
18592,78,0,182.31
18592,76,105.15,181.81
18592,76,184.4,185.81
18593,58,0,182.31
18593,54,108.2,187.31
18594,40,0,179.31
18594,41,76.2,184.31
18595,70,0,182.31
18595,70,45.72,178.11
18595,69,76.2,175.31
18595,68,137.16,175.31
18595,67,144.78,175.31
18596,78,0,182.31
18596,78,45.72,182.31
18596,78,91.44,182.31
18597,76,0,182.31
18597,76,45.72,182.31
18598,72,0,182.31
18598,71,67.05,178.31
18598,70,138.68,175.31
18599,45,0,182.31
18599,43,76.2,182.31
18599,42,173.73,182.31
18600,85,0,2.31
18600,85,900,2.31
18601,80,0,182.31
18601,73,131.06,187.31
18602,45,0,182.31
18602,43,45.72,182.31
18602,41,91.44,182.31
18613,45,0,182.31
18613,42,106.68,184.31
18613,45,204.21,184.31
18614,81,0,182.31
18614,81,45.72,182.31
18614,81,91.44,182.31
18614,80,128.93,182.31
18615,74,0,182.31
18615,74,45.72,182.31
18615,73,91.44,182.31
18615,72,128.01,182.31
18616,49,0,182.31
18616,46,67.05,183.31
18616,45,137.16,184.31
18617,80,0,182.31
18617,80,45.72,182.31
18617,79,91.44,182.31
18618,68,0,182.31
18618,68,45.72,185.91
18618,68,76.2,188.31
18618,68,152.4,188.31
18619,70,0,182.31
18619,68,45.72,182.31
18619,68,91.44,182.31
18620,56,0,182.31
18620,56,900,182.31
18621,67,0,182.31
18621,66,80.77,182.31
18622,86,0,182.31
18622,86,45.72,182.31
18622,85,91.44,182.31
18623,70,0,182.31
18623,68,45.72,182.31
18623,67,91.44,182.31
18624,45,0,182.31
18624,42,70.1,182.31
18624,40,140.2,182.31
18625,78,0,2.31
18625,78,45.72,2.31
18625,78,91.44,2.31
18626,74,0,182.31
18626,74,45.72,182.31
18626,73,91.44,182.31
18627,74,0,182.31
18627,73,45.72,182.31
18631,70,0,182.31
18631,68,91.44,182.31
18631,65,193.54,184.31
18632,75,0,182.31
18632,75,45.72,182.31
18632,74,67.05,178.31
18632,74,91.44,182.31
18632,73,145.38,180.31
18635,66,0,182.31
18635,65,45.72,182.31
18635,62,96.01,192.31
18635,59,187.45,191.31
18637,69,0,182.31
18637,68,45.72,182.31
18637,67,67.05,182.31
18637,65,137.16,182.31
18637,63,182.88,182.31
18642,77,0,182.31
18642,77,45.72,182.31
18642,77,76.2,186.31
18642,76,91.44,186.31
18642,76,129.54,183.31
18648,90,0,2.31
18648,89,45.72,2.31
18649,90,0,2.31
18649,89,45.72,2.31
18650,47,0,2.31
18650,46,45.72,2.31
18651,84,0,2.31
18651,84,45.72,2.31
18652,80,0,2.31
18652,79,45.72,2.31
18653,53,0,182.31
18653,53,45.72,182.31
18654,65,0,2.31
18654,65,45.72,2.31
18654,64,91.44,2.31
18655,90,0,2.31
18655,89,45.72,2.31
18656,47,0,182.31
18656,46,45.72,182.31
18657,82,0,182.31
18657,82,45.72,182.31
18658,90,0,2.31
18658,89,45.72,2.31
18659,45,0,182.31
18659,44,45.72,182.31
18660,90,0,2.31
18660,89,45.72,2.31
18660,88,76.2,2.31
18662,73,0,2.31
18662,73,45.72,2.31
18662,75,91.44,2.31
18663,78,0,182.31
18663,77,45.72,182.31
18663,76,91.44,182.31
18667,47,0,182.31
18667,46,33.52,182.31
18672,76,0,182.31
18672,74,45.72,182.31
18673,45,0,182.31
18673,45,900,182.31
18684,90,0,2.31
18684,90,41.14,2.31
18685,77,0,2.31
18685,77,45.72,2.31
18686,62,0,2.31
18686,62,30.48,2.31
18687,90,0,2.31
18687,90,45.72,2.31
18688,45,0,182.31
18688,44,39.62,182.31
18689,75,0,182.31
18689,75,44.19,182.31
18690,71,0,182.31
18690,71,39.62,182.31
18691,90,0,2.31
18691,89,24.38,2.31
18692,40,0,182.31
18692,39,41.14,182.31
18693,90,0,2.31
18693,90,39.62,2.31
18694,90,0,2.31
18694,89,36.57,2.31
18695,90,0,2.31
18695,90,24.38,2.31
18696,50,0,272.31
18696,50,28.95,272.31
18697,90,0,2.31
18697,88,60.96,2.31
18698,50,0,272.31
18698,49,28.95,272.31
18699,90,0,2.31
18699,90,900,2.31
18700,60,0,182.31
18700,60,45.72,182.31
18701,80,0,2.31
18701,80,45.72,2.31
18702,65,0,2.31
18702,64,30.48,2.31
18703,90,0,2.31
18703,89,45.72,2.31
18704,75,0,182.31
18704,75,900,182.31
18705,85,0,2.31
18705,85,45.72,2.31
18706,90,0,2.31
18706,90,54.86,2.31
18708,62,0,182.31
18708,66,45.72,182.31
18708,62,91.44,182.31
18709,85,0,182.31
18709,85,900,182.31
18710,85,0,182.31
18710,85,900,182.31
18712,90,0,2.31
18712,90,45.72,2.31
18713,90,0,2.31
18713,89,45.72,2.31
18714,85,0,227.31
18714,85,45.72,227.31
18715,90,0,2.31
18715,89,45.72,2.31
18716,90,0,2.31
18716,90,45.72,2.31
18717,90,0,2.31
18717,89,45.72,2.31
18741,47,0,98.31
18741,47,30.48,96.21
18741,48,57.91,94.31
18741,47,60.96,94.31
18742,67,0,124.31
18742,67,36.57,115.51
18742,69,45.72,113.31
18743,45,0,57.31
18743,45,30.48,63.07
18743,45,60.96,68.82
18743,46,76.8,71.81
18744,83,0,2.31
18744,83,30.48,2.31
18744,83,60.96,2.31
18744,83,91.44,2.31
18745,65,0,2.31
18745,65,30.48,2.31
18745,65,60.96,2.31
18745,66,89.91,2.81
18745,65,91.44,2.31
18746,57,0,132.31
18746,57,30.48,132.31
18746,57,60.96,132.31
18746,57,91.44,132.31
18747,68,0,154.31
18747,67,30.48,158.6
18747,65,96.01,167.81
18748,60,0,182.31
18748,60,30.48,185.36
18748,58,60.04,188.31
18748,59,60.96,188.31
18749,70,0,182.31
18749,70,30.48,184.31
18749,69,60.96,186.31
18749,69,91.44,188.31
18749,69,99.06,188.81
18750,70,0,182.31
18750,70,30.48,185.8
18750,70,60.96,189.3
18750,69,91.44,192.79
18750,68,96.01,193.31
18751,60,0,182.31
18751,60,30.48,182.31
18751,60,57.91,184.81
18751,59,60.96,182.31
18752,70,0,182.31
18752,70,30.48,182.31
18752,68,60.96,182.31
18752,68,76.2,182.31
18753,50,0,182.31
18753,49,30.48,182.31
18753,48,67.05,182.31
18753,46,73.76,182.39
18754,70,0,182.31
18754,71,18.28,182.81
18754,70,30.48,183.66
18754,69,60.96,185.77
18754,69,91.44,187.89
18754,68,97.53,188.31
18755,55,0,182.31
18755,54,21.33,182.81
18755,55,30.48,182.81
18755,56,77.72,185.81
18755,55,79.24,182.81
18756,70,0,182.31
18756,70,30.48,182.31
18756,69,60.96,182.31
18756,68,91.44,182.31
18756,69,102.1,181.81
18757,55,0,277.31
18757,55,30.48,277.31
18757,55,60.96,277.31
18758,50,0,182.31
18758,48,30.48,182.31
18758,46,60.04,180.31
18758,47,60.96,180.31
18759,70,0,182.31
18759,65,30.48,182.46
18759,64,60.96,182.61
18759,60,91.44,182.76
18759,68,101.8,182.81
18760,50,0,182.31
18760,48,30.48,179.63
18760,48,60.96,176.95
18760,47,68.27,176.31
18761,70,0,182.31
18761,66,30.48,180.52
18761,66,60.96,178.72
18761,65,91.44,176.92
18761,64,101.8,176.31
18762,90,0,2.31
18762,90,30.48,2.31
18762,90,60.96,2.31
18762,90,91.44,2.31
18763,70,0,2.31
18763,70,30.48,362.14
18763,69,60.96,361.97
18763,69,91.44,361.8
18763,69,121.92,361.63
18763,70,152.4,361.46
18763,71,179.83,361.31
18764,35,0,2.31
18764,35,36.57,3.31
18765,90,0,2.31
18765,90,30.48,2.31
18765,90,60.96,2.31
18765,89,91.44,2.31
18766,70,0,2.31
18766,69,30.48,3.16
18766,69,60.96,4.01
18766,69,91.44,4.86
18766,69,121.92,5.7
18766,69,152.4,6.55
18766,69,179.83,7.31
18767,37,0,2.31
18767,37,30.48,2.31
18767,38,55.47,13.81
18768,75,0,182.31
18768,75,30.48,182.31
18768,75,60.96,182.31
18768,76,88.39,181.36
18768,75,91.44,181.36
18769,63,0,2.31
18769,60,30.48,2.31
18769,60,60.96,2.31
18769,60,91.44,2.31
18769,60,121.92,2.31
18769,60,152.4,2.31
18770,45,0,2.31
18770,45,30.48,2.31
18770,45,60.96,2.31
18770,45,91.44,2.31
18770,45,121.92,2.31
18770,45,152.4,2.31
18770,45,182.88,2.31
18771,70,0,182.31
18771,69,30.48,182.31
18771,68,60.96,182.31
18771,67,91.44,182.31
18772,57,0,2.31
18772,57,30.48,3.21
18772,57,60.96,4.11
18772,57,91.44,5
18772,56,118.87,5.81
18772,56,121.92,5.31
18773,70,0,182.31
18773,70,30.48,178.86
18773,70,60.96,175.42
18773,70,88.39,172.31
18773,70,91.44,172.31
18774,70,0,2.31
18774,70,30.48,3.84
18774,70,60.96,5.37
18774,69,91.44,6.9
18774,69,121.92,8.43
18774,68,149.35,9.81
18774,69,152.4,9.81
18775,45,0,2.31
18775,44,30.48,2.31
18775,44,60.96,2.31
18776,70,0,182.31
18776,69,30.48,182.31
18776,68,60.96,182.31
18776,68,91.44,182.31
18777,70,0,2.31
18777,70,30.48,3.85
18777,70,60.96,5.4
18777,69,91.44,6.94
18777,70,98.75,7.31
18778,45,0,2.31
18778,40,30.48,361.04
18778,40,60.96,359.77
18778,40,91.44,358.5
18778,39,121.92,357.23
18778,38,152.4,355.96
18778,38,179.83,354.81
18779,60,0,182.31
18779,59,30.48,182.31
18779,59,60.96,182.31
18779,57,91.44,182.31
18780,75,0,2.31
18780,75,30.48,3.78
18780,75,60.96,5.25
18780,75,91.44,6.72
18780,74,103.63,7.31
18780,75,106.68,7.31
18781,55,0,2.31
18781,55,30.48,3.3
18781,54,60.96,4.28
18781,55,91.44,5.26
18781,55,121.92,6.25
18781,53,152.4,7.23
18781,53,182.88,8.21
18781,56,185.92,8.31
18782,35,0,2.31
18782,35,30.48,357.55
18782,35,60.96,352.79
18782,35,91.44,348.03
18782,36,102.41,346.31
18783,55,0,2.31
18783,54,30.48,2.31
18783,55,60.96,2.31
18783,55,91.44,2.31
18783,56,121.92,2.31
18784,65,0,182.31
18784,64,60.96,182.31
18784,64,91.44,182.31
18784,63,107.89,175.81
18785,60,0,2.31
18785,55,30.48,2.31
18785,55,60.96,2.31
18785,58,91.44,2.31
18785,59,152.4,2.31
18786,35,0,2.31
18786,39,30.48,2.31
18786,39,60.96,2.31
18786,41,91.44,2.31
18786,43,94.48,8.81
18787,57,0,2.31
18787,56,30.48,2.31
18788,70,0,182.31
18788,68,30.48,185.41
18788,67,60.96,188.5
18788,67,64,188.81
18789,63,0,2.31
18789,60,30.48,2.31
18789,60,60.96,2.31
18789,60,91.44,2.31
18789,60,121.92,2.31
18789,60,152.4,2.31
18790,40,0,362.31
18790,40,30.48,362.31
18791,75,0,2.31
18791,74,30.48,7.41
18791,73,60.96,12.5
18791,75,80.77,15.81
18792,80,0,182.31
18792,80,30.48,182.31
18792,80,60.96,182.31
18792,79,91.44,182.31
18793,70,0,182.31
18793,70,900,182.31
18794,85,0,182.31
18794,85,30.48,182.31
18794,85,60.96,182.31
18794,85,91.44,182.31
18795,75,0,182.31
18795,76,30.48,182.31
18795,75,60.96,182.31
18795,74,101.19,183.81
18795,75,104.24,183.81
18796,73,0,2.31
18796,73,30.48,361.44
18796,73,60.96,360.57
18796,74,94.48,359.61
18796,73,96.01,359.61
18797,73,0,182.31
18797,73,900,182.31
18798,85,0,2.31
18798,85,30.48,2.31
18798,85,60.96,2.31
18798,86,91.44,2.31
18799,72,0,182.31
18799,71,30.48,182.31
18800,83,0,2.31
18800,83,30.48,2.31
18800,83,60.96,2.31
18801,75,0,182.31
18801,75,30.48,182.47
18801,75,60.96,182.62
18801,74,91.44,182.78
18801,75,97.53,182.81
18802,82,0,2.31
18802,82,30.48,5.45
18802,81,53.34,7.81
18802,82,60.96,7.81
18802,82,91.44,7.81
18803,60,0,244.31
18803,60,30.48,244.31
18803,60,107.89,242.81
18804,45,0,107.31
18804,45,30.48,106.5
18804,45,60.96,105.68
18804,45,91.44,104.86
18804,46,121.92,104.05
18804,46,149.35,103.31
18804,46,152.4,103.31
18805,47,0,242.31
18805,47,30.48,242.31
18805,47,60.96,242.31
18805,49,91.44,242.31
18805,49,121.92,242.31
18805,51,138.07,252.36
18806,50,0,242.31
18806,49,30.48,244.72
18806,47,60.96,247.14
18806,47,69.49,247.81
18807,50,0,250.31
18807,50,30.48,250.31
18807,50,60.96,250.31
18807,49,91.44,250.31
18807,49,121.92,250.31
18808,45,0,2.31
18808,45,30.48,360.99
18808,45,60.96,359.66
18808,45,91.44,358.33
18808,44,121.92,357.01
18808,43,149.35,355.81
18808,43,152.4,355.81
18820,45,0,182.31
18820,45,33.52,182.31
18821,45,0,182.31
18821,45,21.33,182.31
18822,45,0,182.31
18822,45,27.43,182.31
18823,45,0,182.31
18823,45,36.57,182.31
18824,45,0,182.31
18824,45,30.48,182.31
18825,45,0,182.31
18825,45,54.86,182.31
18826,60,0,32.31
18826,60,42.67,32.31
18827,45,0,182.31
18827,45,24.38,182.31
18828,45,0,182.31
18828,45,30.48,182.31
18829,45,0,182.31
18829,45,36.57,182.31
18830,45,0,182.31
18830,45,900,182.31
18831,45,0,182.31
18831,45,30.48,182.31
18832,45,0,182.31
18832,45,48.76,182.31
18833,45,0,182.31
18833,45,24.38,182.31
18834,45,0,182.31
18834,45,33.52,182.31
18835,45,0,182.31
18835,45,36.57,182.31
18836,45,0,182.31
18836,45,30.48,182.31
18837,45,0,182.31
18837,45,30.48,182.31
18838,45,0,182.31
18838,45,34.74,182.31
18839,45,0,182.31
18839,45,900,182.31
18840,45,0,182.31
18840,45,900,182.31
18841,45,0,182.31
18841,45,54.86,182.31
18842,45,0,182.31
18842,45,42.67,182.31
18843,45,0,182.31
18843,45,900,182.31
18843A,55,0,182.31
18843A,55,48.76,182.31
18844,72,0,182.31
18844,71,44.19,182.31
18845,70,0,182.31
18845,70,30.48,182.31
19,45,0,353.31
19,47,30.48,353.31
19,47,60.96,353.31
19,45,91.44,353.31
19,44,121.92,353.31
197,59.65,0,106.81
197,59.65,900,106.81
2,42,0,173.31
2,37,51.81,173.31
2,33,92.35,173.31
2,30,119.78,173.31
20,45,0,353.31
20,37,30.48,353.31
20,34,60.96,353.31
20,31,91.44,353.31
20,26,121.92,353.31
20,24,152.4,353.31
2092,59.08,0,181.08
2092,59.08,900,181.08
2093,90,0,2.31
2093,90,900,2.31
2094,50,0,361.71
2094,50,900,361.71
2095,50.97,0,3.23
2095,50.97,900,3.23
2096,47.9,0,359.41
2096,47.9,900,359.41
2097,47.28,0,5.96
2097,47.28,900,5.96
2098,49.2,0,360.49
2098,49.2,900,360.49
2099,48.1,0,3.23
2099,48.1,900,3.23
21,55,0,2.31
21,51,30.48,2.31
21,46,60.96,2.31
21,43,91.44,2.31
21,35,121.92,2.31
2100,90,0,2.31
2100,90,900,2.31
2101,43,0,181.79
2101,32.5,71.01,182.31
2102,50,0,361.14
2102,35.75,67.05,361.31
2103,38,0,185.26
2103,35,30.48,184.31
2103,32,91.44,184.31
2106,49.5,0,361.89
2106,41,60.65,2.31
2107,45,0,3.31
2107,34.5,75.89,3.31
2113,59.55,0,5.04
2113,48.5,60.96,5.04
2114,39.72,0,182.73
2114,27.75,75.59,182.73
2120,45.88,0,361.31
2120,26,83.82,361.31
2121,70.05,0,359.14
2121,59.5,77.11,359.14
2131,71,0,354.31
2131,53.5,91.13,354.31
2132,57.5,0,2.74
2132,36.5,91.13,2.31
2133,62,0,2.31
2133,52.5,65.53,2.31
2192,90,0,2.31
2192,90,900,2.31
2193,90,0,2.31
2193,90,900,2.31
2194,90,0,2.31
2194,90,900,2.31
2195,59.42,0,7.68
2195,50,60.04,7.31
2196,59,0,8.31
2196,52,43.28,8.31
22,55,0,353.31
22,55,30.48,353.31
22,53,60.96,353.31
22,48,91.44,353.31
22,45,121.92,353.31
2210,46.62,0,5.06
2210,37.5,68.88,5.06
2211,43,0,5.31
2211,43,900,5.31
2212,44,0,5.31
2212,44,900,5.31
2213,49.77,0,5.89
2213,49.77,900,5.89
2214,50,0,5.31
2214,47,40.53,5.31
2215,53.58,0,2.31
2215,48,45.72,2.31
2215,45,83.51,2.31
2216,54.9,0,361.31
2216,47,60.96,361.31
2217,58.78,0,182.01
2217,48.5,60.35,182.01
2218,60,0,183.48
2218,52,60.35,183.31
2219,62,0,12.31
2219,58.75,60.35,12.31
2220,85,0,26.31
2220,87,45.72,26.31
2220,83,105.46,26.31
23,35,0,353.31
23,35,30.48,353.31
23,30,60.96,353.31
23,25,91.44,353.31
23,22,121.92,353.31
23,20,152.4,353.31
24,55,0,353.31
24,55,30.48,353.31
24,50,60.96,353.31
24,40,91.44,353.31
24,31,121.92,353.31
24,28,152.4,353.31
2401,42.7,0,9.54
2401,42.7,900,9.54
2402,44.35,0,187.39
2402,44.35,900,187.39
2403,43.87,0,3.86
2403,43.87,900,3.86
2404,44.48,0,184.38
2404,44.48,900,184.38
2405,43.13,0,3.44
2405,43.13,900,3.44
2406,45.37,0,185.76
2406,45.37,900,185.76
2412,46,0,3.31
2412,46,900,3.31
2413,44.23,0,3.83
2413,44.23,900,3.83
2422,31.25,0,185.98
2422,31.25,900,185.98
2423,47.05,0,184.44
2423,47.05,900,184.44
2424,43,0,183.31
2424,43,900,183.31
2425,44,0,3.31
2425,44,900,3.31
2426,46,0,182.31
2426,46,900,182.31
2427,46,0,2.31
2427,46,900,2.31
25,35,0,353.31
25,35,30.48,353.31
25,34,60.96,353.31
25,28,91.44,353.31
25,22,121.92,353.31
25,19,146.3,353.31
2586,90,0,2.31
2586,90,900,2.31
2587,90,0,2.31
2587,90,900,2.31
2588,90,0,2.31
2588,90,900,2.31
2589,90,0,2.31
2589,90,900,2.31
2590,90,0,2.31
2590,90,900,2.31
26,45,0,353.31
26,40,30.48,353.31
27,45,0,353.31
27,45,30.48,353.31
27,43,60.96,353.31
27,37,91.44,353.31
3,45,0,353.31
3,45,900,353.31
4,51,0,353.31
4,42,30.48,353.31
4,37,60.96,353.31
4,35.5,91.44,353.31
4,32,121.92,353.31
5,50,0,353.31
5,39,30.48,353.31
5,35.5,60.96,353.31
5,37,91.44,353.31
5,31,121.92,353.31
523,63.95,0,351.68
523,63,30.48,351.31
523,60,60.96,351.31
523,59,91.44,351.31
525,45.6,0,352.44
525,41,30.48,352.31
525,34,76.2,352.31
527,90,0,2.31
527,90,900,2.31
529,90,0,2.31
529,90,900,2.31
531,90,0,2.31
531,90,900,2.31
532,90,0,2.31
532,90,900,2.31
534,90,0,2.31
534,90,900,2.31
537,90,0,2.31
537,90,900,2.31
543,90,0,2.31
543,90,900,2.31
545,90,0,2.31
545,90,900,2.31
56,32.4,0,349.31
56,27,30.48,349.31
56,24,60.96,349.31
56,21,91.44,349.31
56,15,121.92,349.31
59,75,0,167.31
59,70,30.48,167.31
59,69,60.96,167.31
59,65,91.44,167.31
59,61,121.92,167.31
59,57,144.17,167.31
59,55,182.88,167.31
59,51,213.36,167.31
59,49,243.84,167.31
6,48,0,353.31
6,51,30.48,353.31
6,48,60.96,353.31
60,38,0,347.18
60,32,30.48,346.31
60,25,60.96,346.31
60,16,91.44,346.31
60,11,121.92,346.31
60,6,152.4,346.31
60,3,182.42,346.31
61,75,0,168.81
61,73,30.48,168.31
61,65,60.96,168.31
61,57,91.44,168.31
61,53,121.92,168.31
61,49,152.4,168.31
61,45,182.88,168.31
61,39,213.36,168.31
61,37,243.84,168.31
61,36,274.32,168.31
62,75.66,0,167.31
62,71,30.48,167.31
62,68,60.96,167.31
62,65,91.44,167.31
62,57,121.92,167.31
63,75.33,0,169.59
63,69.5,30.48,169.31
63,59,60.96,169.31
63,55,91.44,169.31
63,52,121.92,169.31
63,50,152.4,169.31
63,45,182.88,169.31
63,41,213.36,169.31
63,39,243.84,169.31
640,90,0,2.31
640,90,900,2.31
641,90,0,2.31
641,90,900,2.31
642,90,0,2.31
642,90,900,2.31
643,90,0,2.31
643,90,900,2.31
644,90,0,2.31
644,90,900,2.31
649,90,0,2.31
649,90,900,2.31
650,90,0,2.31
650,90,900,2.31
7,51,0,173.31
7,47,30.48,173.31
7,49,60.96,173.31
7,47,91.44,173.31
7,43,121.92,173.31
756,45,0,4.31
756,45,900,4.31
773,42,0,182.31
773,42,900,182.31
8,51,0,173.31
8,51,30.48,173.31
8,50,60.96,173.31
8,41,91.44,173.31
8925,90,0,188.81
8925,86.5,21.33,188.81
8925,85.75,45.72,188.81
8925,77,76.2,188.81
8925,72.5,106.68,188.81
8925,62.25,137.16,188.81
8925,51.5,167.64,188.81
8925,51,195.07,188.81
8933,90,0,193.81
8933,87.5,18.28,193.81
8933,86.5,76.2,193.81
8933,67,121.92,193.81
8933,47,176.78,193.81
9,46,0,173.31
9,46,900,173.31
9082,90,0,184.31
9082,83,91.44,184.31
9082,65.5,169.16,184.31
9082,68,186.84,184.31
9082,62,217.62,184.31
9083,90,0,179.31
9083,76,91.44,179.31
9083,68.5,121.92,179.31
9094,75,0,2.31
9094,75,60.96,9.31
9094,82.5,121.92,355.31
9094,79,182.88,16.31
9105,90,0,182.31
9105,78,57.91,183.31
9105,70,121.92,185.81
9105,56,225.85,187.31
9108,70,0,2.31
9108,70,91.44,5.31
9108,63,182.88,7.31
9108,52,266.7,9.31
9111,76,0,2.31
9111,79,76.2,19.31
9111,80,152.4,336.31
9111,83,243.84,276.31
9475,90,0,320.31
9475,82,59.43,320.31
9475,58,124.96,187.31
9476,90,0,169.81
9476,81,59.43,169.81
9476,58,132.58,186.81
9484,90,0,195.31
9484,79,59.43,195.31
9484,67,118.87,197.31
B-479,74,0,93.14
B-479,74,900,93.14
CE-3090-1,80,0,182.31
CE-3090-1,80,900,182.31
CE-3120-1,75,0,182.31
CE-3120-1,75,900,182.31
CE-3120-2,53,0,2.31
CE-3120-2,53,900,2.31
CE-3135-1,75,0,182.31
CE-3135-1,75,900,182.31
CE-3135-2,75,0,182.31
CE-3135-2,75,900,182.31
CE-3195-1,63,0,362.31
CE-3195-1,63,900,362.31
CE-3195-2,75,0,362.31
CE-3195-2,75,900,362.31
CE-3210-15,90,0,2.31
CE-3210-15,90,900,2.31
CE-3255-14,75,0,182.31
CE-3255-14,75,900,182.31
CE-3255-15,80,0,182.31
CE-3255-15,80,900,182.31
CE-3420-10,45,0,182.31
CE-3420-10,45,900,182.31
CE-3480-4,45,0,182.31
CE-3480-4,45,900,182.31
CE-3480-5,45,0,182.31
CE-3480-5,45,900,182.31
CE-5295-7,60,0,362.31
CE-5295-7,60,900,362.31
E-001,45,0,362.31
E-001,45,900,362.31
E-001A,65,0,362.31
E-001A,63,60.96,362.31
E-002,45,0,2.31
E-002,45,900,2.31
E-002A,65,0,2.31
E-002A,68.2,60.96,2.31
E-003,45,0,2.31
E-003,45,900,2.31
E-003A,65,0,2.31
E-003A,65,900,2.31
E-004,45,0,182.31
E-004,45,900,182.31
E-004A,60,0,182.31
E-004A,50,60.96,182.31
E-004B,85,0,182.31
E-004B,84,60.96,182.31
E-005,80,0,2.31
E-005,78,60.96,2.31
E-005A,40,0,182.31
E-005A,35,60.96,182.31
E-006,45,0,2.31
E-006,41,60.96,2.31
E-006,34,152.4,2.31
E-006,27,213.36,2.31
E-007,65,0,2.31
E-007,56.5,60.96,2.31
E-007A,40,0,182.31
E-007A,33,60.96,182.31
E-007A,26,182.88,182.31
E-018,45,0,2.31
E-018,36,60.96,2.31
E-019,45,0,2.31
E-019,34.5,60.96,2.31
E-019,9.5,176.47,2.31
E-020,45,0,2.31
E-020,33,60.96,2.31
E-020,23,147.82,2.31
E-033,60,0,2.31
E-033,57,76.2,2.31
E-033,53,152.4,2.31
E-033,47,228.6,2.31
E-033,34.5,304.19,2.31
E-035,60,0,2.31
E-035,55,91.44,2.31
E-035,47,182.88,2.31
E-035,42,274.32,2.31
E-035,35,331.62,2.31
E-036,70,0,361.31
E-036,69,91.44,361.31
E-036,67,182.88,361.31
E-036,64,274.32,361.31
E-036,61,365.76,361.31
E-036,58,457.2,361.31
E-231,45,0,3.31
E-231,36,60.96,362.11
E-231,22,152.4,360.31
E-232,65,0,3.31
E-232,52,60.96,3.31
E-232,41,152.4,3.31
E-240,90,0,172.31
E-240,80,60.96,172.31
E-240,77,121.92,172.31
E-240,65,182.88,172.31
E-240,37,243.84,172.31
E-240,33,289.56,172.31
E-242,90,0,182.31
E-242,88,60.96,182.31
E-242,83,95.09,182.31
E-242,82,121.92,182.31
E-243,90,0,165.31
E-243,89,30.48,165.31
E-243,89,60.96,165.31
E-243,87,86.86,165.31
E-243,87,91.44,187.31
E-243,86,109.72,187.81
E-243,89,124.96,188.31
E-243,87,152.4,188.81
E-243,85,167.64,189.31
E-243,84,182.88,189.81
E-243,85,184.4,190.31
E-243,87,192.02,190.31
E-243,85,213.36,190.31
E-243,85,216.4,190.31
E-243,86,220.37,190.31
E-243,86,245.97,190.31
E-243,84,249.32,190.31
E-243,85,252.37,190.31
E-243,86,281.33,190.31
E-243,85,284.98,190.31
E-243,86,320.04,190.31
E-243,88,358.44,190.31
E-243,85,362.71,190.31
E-243,86,396.24,190.31
E-243,82,426.72,190.31
E-244,89,0,183.31
E-244,68,152.4,187.31
E-244,60,228.6,193.31
E-245,89,0,183.31
E-245,78,91.44,183.31
E-245,52,243.53,182.31
E-246,89,0,183.31
E-246,80,91.44,187.68
E-246,65,167.64,188.31
E-246,54,243.84,191.31
E-247,89,0,183.31
E-247,74,121.92,190.31
E-247,68,167.64,180.31
E-247,58,243.84,180.31
E-248,89,0,183.31
E-248,82,60.96,192.25
E-248,70,143.25,201.31
E-248,54,243.84,204.31
E-249,89,0,202.31
E-249,88,60.96,202.71
E-249,54,152.4,200.31
E-249,47,243.84,203.31
E-250,89,0,183.31
E-250,85,60.96,187.31
E-250,59,152.4,190.31
E-250,48,243.84,193.31
E-251,89,0,183.31
E-251,85,60.96,189.31
E-251,60,152.4,195.31
E-251,53,243.84,198.31
E-252,89,0,183.31
E-252,87,60.96,167.31
E-252,84,121.92,151.31
E-252,79.5,152.4,143.31
E-252,75.5,182.88,135.31
E-252,68,243.84,119.31
E-253,89,0,183.31
E-253,88,60.96,178.51
E-253,88,76.2,174.31
E-253,72,213.36,172.31
E-253,67,243.84,175.31
E-254,90,0,183.31
E-254,88,60.96,183.31
E-254,77,121.92,183.31
E-254,73,182.88,183.31
E-254,50,243.84,183.31
E-255,89,0,183.31
E-255,82,76.2,156.31
E-255,68,182.88,168.31
E-255,64,213.36,175.31
E-255,60,243.84,178.31
E-256,90,0,182.31
E-256,84,30.48,186.56
E-256,74,60.96,190.81
E-256,68,91.44,195.06
E-256,55,121.92,199.31
E-256,44,152.4,199.31
E-257,90,0,182.31
E-257,88,30.48,186.56
E-257,80,60.96,190.81
E-257,68,91.44,195.06
E-257,50,121.92,199.31
E-257,42,151.48,199.31
E-258,90,0,182.31
E-258,85,30.48,188.81
E-258,73,60.96,195.31
E-258,61,91.44,201.81
E-258,52,121.92,208.31
E-258,48,152.4,208.31
E-259,89,0,183.31
E-259,86,30.48,184.06
E-259,81,60.96,184.81
E-259,78,91.44,185.56
E-259,66,121.92,186.31
E-259,57,152.4,186.31
E-260,90,0,182.31
E-260,88,30.48,187.81
E-260,67,60.96,193.31
E-260,62,91.44,198.81
E-260,53,121.92,204.31
E-260,44,152.4,204.31
E-271,70,0,3.31
E-271,70,30.48,3.31
E-271,66,60.96,3.31
E-271,58,91.44,3.31
E-271,53,121.92,3.31
E-276,80,0,3.31
E-276,80,30.48,3.31
E-276,82,60.96,3.31
E-276,86,91.44,3.31
E-277,75,0,3.31
E-277,72,45.72,3.31
E-277,72,91.44,3.31
E-280,85,0,183.31
E-280,79,60.96,183.31
E-280,77,121.92,183.31
E-280,62,152.4,183.31
E-287,85,0,3.31
E-287,87,45.72,3.31
E-287,88,91.44,3.31
E-289,65,0,3.31
E-289,61,60.96,3.31
E-289,55,121.92,3.31
E-289,49,182.88,3.31
E-290,75,0,183.31
E-290,65,60.96,183.31
E-290,61,121.92,183.31
E-290,54,182.88,183.31
E-292,70,0,3.31
E-292,71,60.96,3.31
E-292,70,121.92,3.31
E-292,68,182.88,3.31
E-296,90,0,2.31
E-296,82,30.48,2.31
E-297,80,0,183.31
E-297,54,60.96,183.31
E-319,50,0,93.31
E-319,52,60.96,93.31
E-319,52,137.16,93.31
G-1,47,0,182.31
G-1,37.5,152.4,182.31
G-1,32,228.6,182.31
G-1,28.5,304.8,182.31
G-2,43,0,182.31
G-2,42,60.96,182.31
G-2,41,91.44,182.31
G-2,37,121.92,182.31
G-2,36,152.4,182.31
G-2,35,182.88,182.31
G-2,36,213.36,182.31
G-2,33,243.84,182.31
G-2,34,274.32,182.31
G-2,32,304.8,182.31
G-4,45.67,0,2.31
G-4,41,30.48,362.31
G-4,25.5,60.96,362.31
G-4,20.5,91.44,362.31
G-4,18.5,121.92,362.31
G-4,16,152.4,362.31
G-4,16,182.88,362.31
G-4,15,213.36,362.31
G-4,14.5,243.84,362.31
G-4,14.5,274.32,362.31
G-4,12.5,304.8,362.31
G-4,12.5,335.28,362.31
G-8,49,0,360.65
G-8,50,60.96,360.66
G-8,46,91.44,360.66
G-8,41,121.92,360.66
G-8,39,152.4,360.66
G-8,35,182.88,360.66
G-8,27.5,213.36,360.66
G-8,24,243.84,360.66
G-8,20.5,274.32,360.66
G-8,19.5,304.8,360.66
L13485,85,0,183.14
L13485,80,30.48,182.64
L13485,75,60.96,182.14
L13485,69,91.44,181.63
L13485,63,121.31,181.14
L13485,60,140.2,181.14
L13486,80,0,3.14
L13486,85,30.48,3.14
L13486,87,60.96,3.14
L13486,86,91.44,3.14
L13486,89,121.92,3.14
L13486,79,134.72,3.14
L13487,80,0,152.14
L13487,76,30.48,152.14
L13487,68,60.96,152.14
L13487,65,89.91,152.14
L13487,62,120.39,152.14
L13487,57,134.11,152.14
L13488,65,0,169.14
L13488,62,32,169.14
L13507,70,0,169.14
L13507,63,30.48,169.14
L13507,54,60.96,169.14
L13507,48,91.44,169.14
L13507,46,121.92,169.14
L13507,46,154.22,169.14
L13550,70,0,77.14
L13550,68,30.48,77.14
L13550,70,57.91,77.14
L13550,69,91.44,77.14
L13550,66,121.92,77.14
L13550,65,132.58,77.14
L14095,60,0,3.14
L14095,60,30.48,3.14
L14095,60,60.96,3.14
L14095,59,91.44,3.14
L14095,58,121.92,3.14
L14095,57,152.4,3.14
L14095,56,182.88,3.14
L14095,55,213.36,3.14
L14096,55,0,3.14
L14096,55,30.48,3.14
L14096,54,60.96,3.14
L14096,54,91.44,3.14
L14096,54,121.92,3.14
L14096,53,152.4,3.14
L14096,53,182.88,3.14
L14096,53,213.36,3.14
L14225,75,0,2.31
L14225,75,45.72,2.31
L14225,74,91.44,2.31
L14225A,45,0,182.31
L14225A,45,900,182.31
L14226,71,0,2.31
L14226,70,45.72,2.31
L14233,80,0,2.31
L14233,80,45.72,2.31
L14233,79,76.2,2.31
L14665,70,0,2.31
L14665,69,45.72,2.31
L14666,50,0,182.31
L14666,46,45.72,182.31
L14666,46,71.62,185.31
L14666,45,91.44,185.31
L14666,45,135.63,186.31
L14670,75,0,182.31
L14670,74,45.72,182.31
L14706,43,0,182.31
L14706,43,45.72,182.31
L14707,90,0,2.31
L14707,88,54.86,2.31
L14708,53,0,2.31
L14708,53,45.72,2.31
L14763,70,0,2.31
L14763,70,30.48,2.31
L14763,69,60.96,2.31
L14764,45,0,182.31
L14764,45,30.48,182.31
L14764,45,60.96,182.31
L14765,90,0,2.31
L14765,90,30.48,2.31
L14765,90,60.96,2.31
L14765,89,91.44,2.31
L14766,45,0,182.31
L14766,45,30.48,182.31
L14766,43,67.97,183.81
L14766,43,68,183.31
L14767,70,0,2.31
L14767,70,30.48,2.31
L14767,70,85.34,2.31
L14768,45,0,182.31
L14768,45,30.48,182.31
L14769,70,0,2.31
L14769,70,30.48,2.31
L14769,69,60.96,2.31
L14769,69,85.34,2.31
M-68,61.4,0,182.31
M-68,61.4,900,182.31
M-69,52.77,0,2.31
M-69,52.77,900,2.31
M-70,50.43,0,89.29
M-70,50.43,900,89.29
SpecialG,42.33,0,123.89
SpecialG,42.33,900,123.89
