BHID,AT,AZ,DIP
34873,0,0,90
B1-001,0,327,60
B1-002,0,327,60
B1-002,453,327,60
B1-003,0,327,45
B1-003,466,327,45
B1-004,0,327,60
B1-004,509,327,60
B1-005,0,338,60
B1-005,397.5,338,60
B1-006,0,328,60
B1-006,90000,328,60
B1-007,0,328,60
B1-007,502,331,60
B1-008,0,0,90
B1-008,90000,0,90
B1-009,0,0,90
B1-009,90000,0,90
B1-010,0,0,90
B1-010,90000,0,90
B1-011,0,0,90
B1-011,90000,0,90
B1-012,0,0,90
B1-012,90000,0,90
B1-013,0,0,90
B1-013,90000,0,90
B1-014,0,0,90
B1-014,90000,0,90
B1-015,0,0,90
B1-015,90000,0,90
B1-016,0,0,90
B1-016,90000,0,90
B1-017,0,0,90
B1-017,90000,0,90
B1-018,0,0,90
B1-018,90000,0,90
B1-019,0,0,90
B1-019,90000,0,90
B1-020,0,0,90
B1-020,90000,0,90
B1-021,0,0,90
B1-021,90000,0,90
B1-022,0,0,90
B1-022,250,0,90
B1-022,747.5,0,90
B1-022,1025,0,90
B1-023,0,0,90
B1-023,488,0,90
B1-024,0,0,90
B1-024,750,0,90
B1-024,1295,0,90
B1-025,0,0,90
B1-025,90000,0,90
B1-026,0,0,90
B1-026,215,0,90
B1-027,0,0,90
B1-027,350,0,90
B1-027,925,0,90
B1-028,0,0,90
B1-028,290,0,90
B1-028,910,0,90
B1-029,0,0,90
B1-029,250,0,90
B1-029,750,0,86
B1-029,1350,0,86
B1-030,0,0,90
B1-030,300,0,89
B1-030,900,0,85
B1-031,0,327,45
B1-031,90000,327,45
B1-033,0,0,90
B1-033,350,327,89
B1-033,1050,0,90
B1-033,1560,327,89
B1-034,0,327,48
B1-034,250,327,56
B1-034,750,327,55
B1-034,1250,327,56
B1-034,1700,327,46
B1-035,0,327,45
B1-035,200,328,50
B1-035,595,327,42
B1-036,0,325,45
B1-036,150,325,41
B1-036,450,325,32
B1-036,675,325,32
B1-036,839.5,325,32
B1-038,0,327,60
B1-038,125,327,75
B1-038,375,327,72
B1-038,801.5,327,71
B1-039,0,0,90
B1-039,300,0,84
B1-039,900,0,79
B1-039,1500,0,78
B1-040,0,0,90
B1-040,300,0,86
B1-040,900,0,83
B1-041,0,0,90
B1-041,100,0,88
B1-041,500,0,88
B1-041,1100,0,90
B1-042,0,0,88
B1-042,200,0,90
B1-042,550,0,86
B1-042,900,0,85
B1-042,1300,0,82
B1-043,0,0,90
B1-043,100,0,89
B1-043,400,0,89
B1-043,800,0,89
B1-044,0,327,45
B1-044,50,327,48
B1-044,150,327,51
B1-044,250,327,54
B1-045,0,327,45
B1-045,100,327,42
B1-045,275.5,327,42
B1-046,0,327,45
B1-046,12.5,327,45
B1-046,37.5,327,53
B1-046,75.5,327,53
B1-046,262,327,53
B1-047,0,327,45
B1-047,25,327,50
B1-047,75,327,56
B1-047,222.5,327,64
B1-048,0,327,45
B1-048,137.5,327,46
B1-048,212.5,327,50
B1-048,300,327,52
B1-049,0,327,45
B1-049,125,327,48
B1-049,300,327,48
B1-050,0,327,45
B1-050,125,327,54
B1-050,300,327,54
B1-051,0,327,50
B1-051,25,327,51
B1-051,400,327,53
B1-053,0,327,45
B1-053,25,327,48
B1-056,0,0,90
B1-056,250,0,83
B1-056,750,0,83
B1-056,1200,0,82
B1-057,0,0,90
B1-057,250,0,89
B1-057,707.5,0,89
B1-058,0,0,90
B1-058,250,0,89
B1-058,750,0,84
B1-058,1267.5,0,81
B1-059,0,0,90
B1-059,455,0,90
B1-059,675,0,89
B1-060,0,0,90
B1-060,250,0,87
B1-060,750,0,82
B1-060,1250,0,81
B1-060,1550,0,79
B1-061,0,0,90
B1-061,500,156,85
B1-061,1100,176,82
B1-061,1350,233,82
B1-061,1700,261,84
B1-061,1894,261,84
B1-065,0,0,90
B1-065,50,0,90
B1-065,550,0,90
B1-065,1250,0,90
B1-065,1750,306,78
B1-065,2160,306,77
B1-066,0,0,90
B1-066,250,0,89
B1-066,750,0,84
B1-066,1250,0,83
B1-066,1750,0,82
B1-066,2160,0,82
B1-069,0,0,90
B1-069,250,0,90
B1-069,750,0,86
B1-069,1250,0,83
B1-069,1762,0,83
B1-073,0,0,90
B1-073,342.5,0,86
B1-073,792.5,0,85
B1-073,1000,0,84
B1-073,1200,0,82
B1-073,1400,0,81
B1-073,1587.5,0,80
B1-073A,0,0,90
B1-073A,210,0,85
B1-073A,710,0,86
B1-073A,1060,0,86
B1-073A,1167.5,0,85
B1-073A,1357.5,0,83
B1-073A,1524,0,84
B1-076,0,0,90
B1-076,200,0,89
B1-076,600,0,87
B1-076,1000,0,87
B1-078,0,0,90
B1-078,217.5,0,90
B1-078,617.5,0,89
B1-078,875,0,85
B1-078,1025,0,85
B1-078,1225,0,84
B1-078,1425,0,83
B1-078,1587.5,0,82
B1-078A,0,0,90
B1-078A,217.5,0,90
B1-078A,617.5,0,89
B1-078A,858,0,86
B1-078A,970.5,0,86
B1-078A,1132.5,0,86
B1-078A,1307.5,0,85
B1-078A,1400,0,87
B1-078A,1511,0,85
B1-078A,1622,0,85
B1-081,0,0,90
B1-081,150,0,90
B1-081,450,0,85
B1-081,675,0,84
B1-081,850,0,85
B1-081,1050,0,84
B1-081,1250,0,85
B1-081,1392.5,0,87
B1-082,0,0,90
B1-082,250,0,80
B1-082,750,0,81
B1-082,1200,0,82
B1-082,1550,0,84
B1-085,0,0,90
B1-085,250,0,87
B1-085,700,0,84
B1-085,1100,0,80
B1-085,1500,0,80
B1-088,0,0,90
B1-088,815,0,88
B1-088,1215,0,85
B1-090,0,0,90
B1-090,250,0,86
B1-090,750,0,82
B1-090,1150,0,80
B1-090,1490,0,80
B1-091,0,0,90
B1-091,250,0,87
B1-091,750,0,87
B1-091,1150,0,87
B1-091,1454.5,0,83
B1-092,0,0,90
B1-092,250,0,87
B1-092,750,0,89
B1-092,1339,0,86
B1-094,0,0,90
B1-094,250,0,79
B1-094,750,0,75
B1-094,1150,0,78
B1-094,1460,0,79
B1-095,0,0,90
B1-095,250,0,83
B1-095,750,0,81
B1-095,1150,0,79
B1-095,1415,0,73
B1-096,0,0,90
B1-096,250,0,84
B1-096,750,0,82
B1-096,1150,0,86
B1-096,1465,0,86
B1-097,0,0,90
B1-097,250,0,90
B1-097,750,0,87
B1-097,1150,0,83
B1-097,1500,0,81
B1-098,0,0,90
B1-098,250,0,87
B1-098,750,0,84
B1-098,1150,0,80
B1-099,0,0,90
B1-099,250,0,86
B1-099,750,0,87
B1-099,1200,0,85
B1-100,0,0,90
B1-100,50,344,89.8
B1-100,150,13,88.8
B1-100,250,43,87.8
B1-100,350,55,86
B1-100,450,61,85.5
B1-100,550,95,84.8
B1-100,650,116,84.5
B1-100,750,113,84.5
B1-100,850,119,84
B1-100,950,133,84.3
B1-100,1050,138,85.3
B1-100,1150,158,86
B1-100,1250,169,85.5
B1-100,1350,181,85
B1-100,1450,182,86.5
B1-100,1550,272,88.5
B1-100,1650,299,86.5
B1-100,1737.5,285,86
B1-100A,0,0,90
B1-100A,50,344,89.8
B1-100A,150,13,88.8
B1-100A,250,43,87.8
B1-100A,350,55,86
B1-100A,450,61,85.5
B1-100A,550,95,84.8
B1-100A,650,116,84.5
B1-100A,750,113,84.5
B1-100A,832,116,84.3
B1-100A,874,92,84
B1-100A,919.5,87,82
B1-100A,1018.5,97,84.5
B1-100A,1336.5,101,86.3
B1-100A,1575,79,88
B1-100A,1725,44,89
B1-100B,0,0,90
B1-100B,50,344,89.8
B1-100B,150,13,88.8
B1-100B,250,43,87.8
B1-100B,350,55,86
B1-100B,450,61,85.5
B1-100B,550,95,84.8
B1-100B,650,116,84.5
B1-100B,750,113,84.5
B1-100B,837.5,126,84
B1-100B,917.5,59,83.5
B1-100B,1010,41,84
B1-100B,1110,24,84.8
B1-100B,1210,6,84.5
B1-100B,1310,49,84.5
B1-100B,1392.5,169,85.5
B1-100B,1442.5,169,84.5
B1-100B,1515,169,87
B1-100B,1615,184,87
B1-100B,1710,184,87.3
B1-101,0,0,90
B1-101,250,0,87
B1-101,750,0,85
B1-101,1300,0,88
B1-102,0,0,90
B1-102,250,0,83
B1-102,750,0,84
B1-102,1175,0,83
B1-102,1535,0,84
B1-103,0,0,90
B1-103,250,0,88
B1-103,750,0,88
B1-103,1150,0,87
B1-103,1457,0,90
B1-104,0,295,87
B1-104,300,270,80
B1-104,500,271,74
B1-104,700,267,76.5
B1-104,900,268,75
B1-104,1100,283,72.5
B1-104,1400,288,73.5
B1-104,1700,283,76
B1-104,1900,288,72
B1-104,2075,288,71
B1-104,2165.5,287,71
B1-105,0,0,90
B1-105,50,147,88.5
B1-105,150,164,88.3
B1-105,250,183,87.8
B1-105,350,208,87
B1-105,450,234,86.5
B1-105,550,253,85.3
B1-105,650,245,84.8
B1-105,750,231,85
B1-105,850,233,84
B1-105,950,241,84
B1-105,1050,246,83.8
B1-105,1150,247,83.8
B1-105,1250,250,83
B1-105,1350,253,82.3
B1-105,1450,254,81.8
B1-105,1550,260,80.5
B1-105,1650,267,79.5
B1-105,1750,268,77.3
B1-105,1837,260,76.3
B1-106,0,0,90
B1-106,250,0,87
B1-106,750,0,82
B1-106,1150,0,83
B1-107,0,327,45
B1-107,58,327,45
B1-107,174,327,58
B1-108,0,327,45
B1-108,81,327,45
B1-108,243,327,55
B1-109,0,0,90
B1-109,125,0,90
B1-109,375,0,84
B1-109,750,0,84
B1-109,1150,0,84
B1-109,1352.5,0,84
B1-109,1409,0,84
B1-109,1465,0,83
B1-110,0,327,45
B1-110,177,327,60
B1-111,0,327,45
B1-111,75,327,45
B1-111,225,327,51
B1-111,401.5,327,56
B1-111,538,327,58
B1-113,0,327,45
B1-113,125,327,45
B1-113,375,327,50
B1-113,736.5,327,54
B1-114,0,327,45
B1-114,87.5,327,45
B1-114,262.5,327,48
B1-114,550,327,49
B1-114,956.5,327,37
B1-115,0,327,45
B1-115,250,327,60
B1-115,716.5,327,65
B1-116,0,0,90
B1-116,50,358,89
B1-116,150,327,88.8
B1-116,250,282,88.8
B1-116,350,264,88.5
B1-116,450,245,87.8
B1-116,550,249,87
B1-116,650,254,86.8
B1-116,750,266,85.8
B1-116,850,293,83.5
B1-116,950,295,81.5
B1-116,1050,288,81.3
B1-116,1150,287,80.3
B1-116,1250,285,79
B1-116,1350,284,78.3
B1-116,1425,285,78
B1-116,1628,285,77
B1-117,0,0,90
B1-117,920,0,82
B1-118,0,0,90
B1-118,90000,0,90
B1-118A,0,0,90
B1-118A,90000,0,90
B1-119,0,0,90
B1-119,50,0,90
B1-119,150,276,87
B1-119,250,288,87
B1-119,350,274,86
B1-119,450,289,82
B1-119,550,284,79
B1-119,650,284,78
B1-119,750,286,76
B1-119,850,293,74
B1-119,950,280,75
B1-119,1050,281,74
B1-119,1150,278,73
B1-119,1250,282,72
B1-119,1350,292,74
B1-119,1450,308,76
B1-119,1550,321,74
B1-119,1650,308,72
B1-119,1750,293,71
B1-119,1922,293,71
B1-120,0,0,90
B1-120,125,0,90
B1-120,375,308,84
B1-120,750,308,78
B1-120,1250,308,78
B1-120,1650,308,74
B1-120,1945,308,77
B1-120,2092.5,308,77
B1-121,0,0,90
B1-121,100,327,89
B1-121,300,325,87
B1-121,500,233,86
B1-121,700,219,84.3
B1-121,900,192,84.3
B1-121,1112.5,193,85
B1-122,0,0,90
B1-122,250,0,88
B1-122,750,0,85
B1-122,1250,0,83
B1-122,1750,0,76
B1-122,2262.5,0,68
B1-123,0,0,90
B1-123,250,0,86
B1-123,700,0,89
B1-124,0,0,90
B1-124,50,266,88.3
B1-124,150,271,87.5
B1-124,250,259,86
B1-124,350,268,85.8
B1-124,450,279,84.3
B1-124,550,277,83.8
B1-124,650,285,83.8
B1-124,750,297,83
B1-124,850,294,81.8
B1-124,950,296,81.5
B1-124,1050,303,80.8
B1-124,1150,305,79.8
B1-124,1250,311,79
B1-124,1350,313,78
B1-124,1450,315,78
B1-124,1550,318,76.3
B1-124,1650,317,76
B1-124,1750,307,76
B1-125,0,0,90
B1-125,240,0,87
B1-125,740,0,84
B1-126,0,0,90
B1-126,250,0,86
B1-126,777,0,84
B1-127,0,0,90
B1-127,50,191,89
B1-127,150,271,89.3
B1-127,250,325,87.8
B1-127,350,316,86.8
B1-127,450,312,86.3
B1-127,550,294,85.8
B1-127,650,281,85.3
B1-127,750,295,84
B1-127,850,296,81.8
B1-127,950,289,80
B1-127,1050,285,78.8
B1-127,1150,278,78
B1-127,1250,277,77.8
B1-127,1350,271,78
B1-127,1450,273,77.8
B1-127,1550,275,76.8
B1-127,1650,277,75.8
B1-127,1750,279,75.3
B1-127,1847,274,73
B1-128,0,0,90
B1-128,100,355,88
B1-128,300,292,85.5
B1-128,500,310,84.5
B1-128,700,317,79.5
B1-128,900,318,78.8
B1-128,1100,313,76
B1-128,1300,312,76
B1-128,1500,295,74.5
B1-128,1700,307,71
B1-128,1900,302,68
B1-128,2100,297,68
B1-128,2300,300,64
B1-128,2500,296,62
B1-128,2700,304,63
B1-129,0,0,90
B1-129,50,164,89.8
B1-129,150,75,89
B1-129,250,49,87.8
B1-129,350,25,87.5
B1-129,450,1,86
B1-129,550,284,84.5
B1-129,650,282,83.5
B1-129,750,281,83.3
B1-129,850,274,82
B1-129,950,323,79
B1-129,1050,324,77.5
B1-129,1150,323,77.5
B1-129,1250,317,76.3
B1-129,1350,313,75
B1-129,1450,311,74.3
B1-129,1550,313,74.3
B1-129,1650,310,74
B1-129,1750,311,73
B1-129,1850,306,72.8
B1-130,0,0,90
B1-130,50,299,88
B1-130,150,295,86.3
B1-130,250,291,85.3
B1-130,350,279,85
B1-130,450,273,84.3
B1-130,550,274,83.8
B1-130,650,269,82
B1-130,750,270,81.5
B1-130,850,271,80
B1-130,950,277,78
B1-130,1050,276,76.3
B1-130,1150,274,74.8
B1-130,1250,274,73.8
B1-130,1350,273,73.8
B1-130,1450,274,74
B1-130,1550,272,74
B1-130,1650,279,73
B1-130,1750,284,71.8
B1-131,0,0,90
B1-131,50,208,89
B1-131,150,207,88
B1-131,250,216,88
B1-131,350,271,87
B1-131,450,288,87
B1-131,550,303,86
B1-131,650,302,82
B1-131,750,307,78
B1-131,850,301,79
B1-131,950,301,80
B1-131,1050,303,78
B1-131,1150,297,78
B1-131,1250,302,76
B1-131,1350,302,75
B1-131,1450,302,76
B1-131,1550,301,76
B1-131,1650,312,77
B1-131,1750,309,76
B1-131,1850,309,76
B1-132,0,0,90
B1-132,50,302,89.8
B1-132,150,324,88.3
B1-132,250,307,86.5
B1-132,350,303,85.8
B1-132,450,306,86.3
B1-132,550,302,84.3
B1-132,650,301,83.8
B1-132,750,302,82.8
B1-132,850,304,83
B1-132,950,304,83.3
B1-132,1050,297,84
B1-132,1150,298,84
B1-132,1250,300,83
B1-132,1350,299,82.3
B1-132,1450,304,81.3
B1-132,1550,304,81
B1-133,0,0,90
B1-133,50,159,88
B1-133,150,138,88
B1-133,250,168,89
B1-133,350,287,89
B1-133,450,313,87
B1-133,550,334,88
B1-133,650,342,85
B1-133,750,326,84
B1-133,950,315,82
B1-133,1150,303,82
B1-133,1250,295,82
B1-133,1350,300,82
B1-133,1450,301,83
B1-133,1550,291,82
B1-133,1650,284,83
B1-133,1756,284,83
B1-134,0,0,90
B1-134,50,226,87
B1-134,150,220,88
B1-134,250,252,86
B1-134,350,243,87
B1-134,450,265,87
B1-134,550,278,87
B1-134,650,281,87
B1-134,750,298,87
B1-134,850,323,87
B1-134,950,331,87
B1-134,1050,319,85
B1-134,1150,319,84
B1-134,1250,318,83
B1-134,1350,320,82
B1-134,1450,314,80
B1-134,1550,317,79
B1-134,1650,316,78
B1-134,1750,316,78
B1-135,0,0,90
B1-135,50,211,86.5
B1-135,150,207,85.3
B1-135,250,210,85.3
B1-135,350,222,85.3
B1-135,450,264,85.3
B1-135,550,303,85
B1-135,650,308,85.5
B1-135,750,309,85
B1-135,850,316,83.8
B1-135,950,319,81.5
B1-135,1050,319,81
B1-135,1150,319,79.8
B1-135,1250,316,79.8
B1-135,1350,314,79.3
B1-135,1450,309,77.8
B1-135,1550,312,77
B1-135,1637,310,76
B1-136,0,0,90
B1-136,50,136,88.5
B1-136,150,183,88.8
B1-136,250,229,87.8
B1-136,350,230,86
B1-136,450,222,84.3
B1-136,550,217,82.5
B1-136,650,232,81.8
B1-136,750,240,81
B1-136,850,243,80.5
B1-136,950,247,79.8
B1-136,1050,253,79
B1-136,1150,260,77.8
B1-136,1250,264,77
B1-136,1350,264,76.3
B1-136,1450,262,75.3
B1-136,1550,263,74.8
B1-136,1650,259,74.8
B1-136,1750,258,73.8
B1-136,1822.5,258,73.8
B1-137,0,0,90
B1-137,50,171,88
B1-137,150,178,88.3
B1-137,250,187,88
B1-137,350,259,88.8
B1-137,450,315,88.3
B1-137,550,301,86.3
B1-137,650,314,83.8
B1-137,750,318,83
B1-137,850,315,81.8
B1-137,950,311,81
B1-137,1050,307,81.3
B1-137,1150,307,80
B1-137,1250,304,78.8
B1-137,1350,304,78.3
B1-137,1450,300,78.5
B1-137,1550,296,77.8
B1-137,1650,298,76.5
B1-137,1750,300,75.5
B1-137,1850,300,74.3
B1-137,1937,303,73.5
B1-138,0,0,90
B1-138,50,272,88
B1-138,150,261,87
B1-138,250,266,87
B1-138,350,263,85.3
B1-138,450,271,84.3
B1-138,550,277,83.8
B1-138,650,278,83.3
B1-138,750,285,81.8
B1-138,850,286,81
B1-138,950,288,80.5
B1-138,1050,288,80.8
B1-138,1150,287,80.3
B1-138,1250,285,80.5
B1-138,1350,286,81.3
B1-138,1450,284,81.8
B1-138,1550,269,82.3
B1-138,1650,261,83.3
B1-138,1750,265,83
B1-139,0,0,90
B1-139,50,291,89.8
B1-139,150,261,88.5
B1-139,250,249,87.3
B1-139,350,256,86.5
B1-139,450,267,86.3
B1-139,550,281,85
B1-139,650,281,84.5
B1-139,750,292,84.3
B1-139,850,295,83.8
B1-139,950,298,83.5
B1-139,1050,294,82.5
B1-139,1150,289,82.5
B1-139,1250,286,82
B1-139,1350,289,81
B1-139,1450,289,79.8
B1-139,1550,283,77.8
B1-139,1650,284,76.3
B1-139,1750,288,75
B1-140,0,0,90
B1-140,50,149,88.8
B1-140,150,227,89.3
B1-140,250,262,88.5
B1-140,350,268,86.8
B1-140,450,294,85.8
B1-140,550,307,84.3
B1-140,650,306,81.8
B1-140,750,312,79.3
B1-140,850,313,78.3
B1-140,950,311,77.3
B1-140,1050,310,76.3
B1-140,1150,306,75.3
B1-140,1250,306,74.3
B1-140,1350,305,74.3
B1-140,1450,301,74.5
B1-140,1550,295,74.8
B1-140,1650,289,74.3
B1-141,0,0,90
B1-141,90000,0,90
B1-142,0,0,90
B1-142,50,342,87
B1-142,150,312,87.3
B1-142,250,302,85.8
B1-142,350,283,84.8
B1-142,450,280,84.8
B1-142,550,275,84.8
B1-142,650,274,84
B1-142,750,270,83.3
B1-142,850,268,83
B1-142,950,268,82.5
B1-142,1050,267,83
B1-142,1150,270,83
B1-142,1250,261,83
B1-142,1350,248,82
B1-142,1450,245,82
B1-142,1550,244,82
B1-142,1650,243,82
B1-142,1732,244,82
B1-143,0,0,90
B1-143,90000,0,90
B1-144,0,0,90
B1-144,90000,0,90
B1-145,0,0,90
B1-145,90000,0,90
B1-146,0,0,90
B1-146,50,162,87.8
B1-146,150,165,88.3
B1-146,250,160,88.8
B1-146,350,207,89.5
B1-146,450,222,89
B1-146,550,266,88.8
B1-146,650,260,88.3
B1-146,750,235,88
B1-146,850,242,86.3
B1-146,950,240,85.8
B1-146,1050,244,85.8
B1-146,1150,245,85.8
B1-146,1250,238,86
B1-146,1350,237,85.8
B1-146,1450,240,86
B1-146,1550,247,86.3
B1-146,1650,253,86.3
B1-146,1750,260,86.3
B1-146,1850,256,86.8
B1-147,0,0,90
B1-147,90000,0,90
B1-148,0,0,90
B1-148,50,242,87.8
B1-148,150,272,86.8
B1-148,250,280,85.3
B1-148,350,286,83.8
B1-148,450,293,82.8
B1-148,550,300,81.8
B1-148,650,295,81.3
B1-148,750,298,80
B1-148,850,299,78.3
B1-148,950,295,77.3
B1-148,1050,294,76.5
B1-148,1150,290,76
B1-148,1250,284,74.8
B1-148,1350,288,74.5
B1-148,1450,282,74.3
B1-148,1550,289,73.5
B1-148,1650,288,73.8
B1-148,1750,287,74
B1-148,1850,287,74.5
B1-148,1937.5,289,75
B1-149,0,0,90
B1-149,50,219,88
B1-149,150,225,87.5
B1-149,250,228,86.3
B1-149,350,234,86
B1-149,450,239,85.8
B1-149,550,250,84.3
B1-149,650,258,83.3
B1-149,750,253,83
B1-149,850,255,82.5
B1-149,950,258,82
B1-149,1050,261,81.3
B1-149,1150,259,80.5
B1-149,1250,259,79.8
B1-149,1350,261,79.3
B1-149,1450,262,78.3
B1-149,1538,263,77.3
B1-149,1613,263,77.3
B1-150,0,0,90
B1-150,50,83,88
B1-150,150,133,87.3
B1-150,250,134,88.3
B1-150,350,266,89.5
B1-150,450,296,88.8
B1-150,550,303,87.8
B1-150,650,313,83.8
B1-150,750,307,82
B1-150,850,305,80.3
B1-150,950,293,79.3
B1-150,1050,289,78
B1-150,1150,285,77.3
B1-150,1250,284,76.5
B1-150,1350,284,75.8
B1-150,1450,285,75.8
B1-150,1550,288,76
B1-150,1650,288,74.5
B1-150,1750,282,73.3
B1-150,1850,285,72.8
B1-150,1937,284,72.8
B1-151,0,0,90
B1-151,90000,0,90
B1-152,0,0,90
B1-152,105,323,83.8
B1-152,310,333,83
B1-152,510,328,83.8
B1-152,710,308,84.3
B1-152,1010,282,83.5
B1-152,1310,278,81
B1-152,1510,296,80.3
B1-152,1710,309,79.5
B1-152,1860,310,79
B1-152,1959,310,78.5
B1-153,0,0,90
B1-153,90000,0,90
B1-154,0,0,90
B1-154,50,11,89.3
B1-154,150,334,88
B1-154,250,340,88
B1-154,350,225,87.8
B1-154,450,351,88
B1-154,550,33,87.3
B1-154,650,23,86.5
B1-154,750,26,86.8
B1-154,850,30,88.3
B1-154,950,258,89
B1-154,1050,220,88.8
B1-154,1150,217,86.8
B1-154,1250,232,86.8
B1-154,1350,267,86.3
B1-154,1450,271,87
B1-154,1550,286,87
B1-154,1650,288,87.8
B1-154,1750,284,88.3
B1-154,1850,272,88.8
B1-155,0,0,90
B1-155,90000,0,90
B1-156,0,0,90
B1-156,90000,0,90
B1-157,0,0,90
B1-157,90000,0,90
B1-158,0,0,90
B1-158,50,115,88
B1-158,150,118,88.8
B1-158,250,335,89
B1-158,350,302,88.8
B1-158,450,305,87.8
B1-158,550,303,88.5
B1-158,650,223,88.8
B1-158,750,207,86.8
B1-158,850,217,85.3
B1-158,950,225,83.8
B1-158,1050,228,83
B1-158,1150,227,82.8
B1-158,1250,232,83.3
B1-158,1350,234,84.3
B1-158,1450,233,85.3
B1-158,1550,224,85.3
B1-159,0,0,90
B1-159,50,233,88.3
B1-159,150,228,88
B1-159,250,246,87.8
B1-159,350,244,87.5
B1-159,450,238,86.3
B1-159,550,241,85.3
B1-159,650,245,84.8
B1-159,750,252,83.8
B1-159,850,252,83
B1-159,950,257,82.5
B1-159,1050,246,82.3
B1-159,1150,255,81.5
B1-159,1250,259,81
B1-159,1350,263,80.8
B1-159,1450,265,80.3
B1-159,1550,273,81
B1-159,1650,278,81
B1-159,1750,276,81.3
B1-159,1837,276,81.8
B1-160,0,0,90
B1-160,50,179,85
B1-160,150,182,82.5
B1-160,250,194,82.3
B1-160,350,207,83
B1-160,450,223,82.3
B1-160,550,228,82
B1-160,650,227,81.3
B1-160,750,223,80.8
B1-160,850,228,81
B1-160,950,237,81.8
B1-160,1050,241,81.5
B1-160,1150,250,80.3
B1-160,1250,255,79.8
B1-160,1350,259,79.5
B1-160,1450,261,79
B1-160,1550,262,78.8
B1-160,1650,268,77.8
B1-160,1725,271,77.3
B1-161,0,0,90
B1-161,90000,0,90
B1-162,0,0,90
B1-162,50,285,89.3
B1-162,150,285,89.5
B1-162,250,276,89
B1-162,350,288,88.5
B1-162,450,283,88.3
B1-162,550,287,88.3
B1-162,650,289,88
B1-162,750,294,88
B1-162,850,287,88
B1-162,950,275,87.5
B1-162,1050,268,87
B1-162,1150,275,87
B1-162,1250,272,86.8
B1-162,1350,273,87
B1-162,1450,276,86.5
B1-162,1550,272,86.8
B1-162,1650,275,87
B1-162,1725,277,87
B1-163,0,0,90
B1-163,90000,0,90
B1-164,0,0,90
B1-164,90000,0,90
B1-165,0,0,90
B1-165,90000,0,90
B1-166,0,0,90
B1-166,90000,0,90
B1-167,0,0,90
B1-167,90000,0,90
B1-173,0,0,90
B1-173,90000,0,90
B1-180,0,0,90
B1-180,90000,0,90
B1-183,0,0,90
B1-183,132,267,89.5
B1-183,339,277,88.8
B1-183,714,277,88.3
B1-183,1114,285,87.5
B1-183,1314,279,86.8
B1-183,1514,286,87.3
B1-183,1714,277,86
B1-183,1914,280,83.8
B1-183,2063,281,83.5
B1-184,0,0,90
B1-184,90000,0,90
B1-184B,0,0,90
B1-184B,90000,0,90
B1-186,0,0,90
B1-186,90000,0,90
B1-187,0,0,90
B1-187,90000,0,90
B1-188,0,0,90
B1-188,90000,0,90
B1-189,0,0,90
B1-189,100,217,87
B1-189,350,242,85
B1-189,550,245,82
B1-189,1050,246,81
B1-189,1650,262,81
B1-189,1850,269,79
B1-190,0,0,90
B1-190,90000,0,90
B1-191,0,0,90
B1-191,50,269,88.3
B1-191,150,257,88.3
B1-191,250,299,88
B1-191,350,308,86.8
B1-191,450,310,86.8
B1-191,550,304,85.8
B1-191,650,305,85.3
B1-191,750,305,85
B1-191,850,304,85.8
B1-191,950,301,86.3
B1-192,0,0,90
B1-192,90000,0,90
B1-193,0,0,90
B1-193,90000,0,90
B1-194,0,0,90
B1-194,50,171,89.3
B1-194,150,171,89.3
B1-194,250,171,89.3
B1-194,350,181,89.5
B1-194,450,272,89.3
B1-194,550,271,88.3
B1-194,650,272,87
B1-194,750,275,85.8
B1-194,850,278,85.5
B1-194,950,280,85.8
B1-194,1050,275,85.5
B1-194,1150,291,85.3
B1-194,1250,304,83.8
B1-194,1350,309,83.5
B1-194,1450,316,83.5
B1-194,1550,324,83.3
B1-194,1617,321,83
B1-195,0,0,90
B1-195,90000,0,90
B1-196,0,0,90
B1-196,90000,0,90
B1-197,0,0,90
B1-197,50,339,87
B1-197,150,313,86.8
B1-197,250,298,86
B1-197,350,288,85.3
B1-197,450,277,85
B1-197,550,265,85
B1-197,650,261,85
B1-197,750,249,84.5
B1-197,850,249,84.3
B1-197,950,234,83.3
B1-197,1050,234,82.5
B1-197,1150,224,81.5
B1-197,1250,219,81.3
B1-197,1350,219,80.3
B1-197,1450,219,78.5
B1-197,1550,225,78.5
B1-197,1650,228,78.5
B1-197,1750,231,78.3
B1-197,1850,233,78.3
B1-198,0,0,90
B1-198,90000,0,90
B1-199,0,0,90
B1-199,90000,0,90
B1-200,0,0,90
B1-200,90000,0,90
B1-201,0,0,90
B1-201,90000,0,90
B1-202,0,0,90
B1-202,90000,0,90
B1-203,0,0,90
B1-203,90000,0,90
B1-204,0,0,90
B1-204,90000,0,90
B1-205,0,0,90
B1-205,50,0,90
B1-205,200,0,89
B1-205,650,0,86
B1-205,1104,0,86
B1-206,0,0,90
B1-206,200,244,89
B1-206,650,244,86
B1-206,1103,244,86
B1-206,1279,244,86
B1-207,0,0,90
B1-207,150,288,88.5
B1-207,450,288,88
B1-207,800,288,87
B1-207,1250,288,86.5
B1-208,0,0,90
B1-208,50,0,88
B1-208,200,0,88.5
B1-208,450,0,88.5
B1-208,800,0,87.5
B1-208,1250,0,90
B1-209,0,0,90
B1-209,50,292,88
B1-209,200,292,89
B1-209,450,0,90
B1-209,800,292,84
B1-209,1250,292,84
B1-209,1732.5,292,80.5
B1-210,0,0,88
B1-210,200,0,90
B1-210,400,0,89
B1-210,1025,0,86
B1-210,1453,0,86
B1-211,0,0,90
B1-211,50,65,89.5
B1-211,450,65,88.5
B1-211,750,65,85
B1-211,1250,65,84.5
B1-211,1792,65,76
B1-212,0,0,90
B1-212,50,0,89
B1-212,200,0,88.5
B1-212,450,0,88.5
B1-212,800,0,88.5
B1-212,1250,0,85
B1-213,0,0,90
B1-213,50,327,86.5
B1-213,200,327,88.5
B1-213,450,327,88
B1-213,800,327,88
B1-213,1253.5,327,86.5
B1-214,0,0,90
B1-214,152,0,89
B1-214,424,305,87.5
B1-214,644,315,86.8
B1-214,844,299,85.3
B1-214,1044,320,86
B1-214,1244,318,85.5
B1-214,1489,311,83.8
B1-214,1774,301,83
B1-214,1954.5,298,82.8
B1-215,0,0,90
B1-215,50,330,88.5
B1-215,150,0,90
B1-215,452.5,330,88.5
B1-215,802.5,330,87
B1-215,1300,330,85
B1-215,1750,330,84
B1-215,2002.5,330,84
B1-216,0,0,90
B1-216,50,0,88.5
B1-216,200,0,87
B1-216,450,0,87
B1-216,800,0,87
B1-216,1250,0,86
B1-217,0,0,90
B1-217,150,314,87
B1-217,450,314,86
B1-217,800,314,87.5
B1-217,1250,314,86
B1-217,1750,314,85
B1-218,0,0,90
B1-218,50,0,89.5
B1-218,200,0,88
B1-218,450,0,87.5
B1-218,800,0,86.5
B1-218,1250,0,85
B1-218,1572.5,0,86
B1-219,0,0,90
B1-219,97,280,87.8
B1-219,314,288,85.8
B1-219,654,279,84
B1-219,974,295,83
B1-219,1174,286,79.5
B1-219,1374,318,82
B1-219,1574,312,80.8
B1-219,1794,288,82.8
B1-219,1974.5,284,82.8
B1-220,0,0,90
B1-220,50,0,88.5
B1-220,200,0,86.5
B1-220,450,0,84.5
B1-220,800,0,83.5
B1-220,1250,0,84
B1-220,1632.5,0,86
B1-221,0,0,90
B1-221,50,0,87.3
B1-221,200,0,86.8
B1-221,450,0,88
B1-221,800,0,84.5
B1-221,1250,0,82
B1-221,1617,0,83
B1-222,0,0,90
B1-222,107,315,89.3
B1-222,314,311,88.8
B1-222,514,341,85.5
B1-222,714,304,85.5
B1-222,914,300,85
B1-222,1214,285,81
B1-222,1514,315,79
B1-222,1664,315,78
B1-222,1814,317,78
B1-222,1964,315,77
B1-223,0,0,90
B1-223,177,263,86.3
B1-223,454,271,83
B1-223,754,288,80
B1-223,1054,289,80
B1-223,1254,285,79.5
B1-223,1554,306,78
B1-223,1854,303,79
B1-223,2009.5,303,79
B1-224,0,0,90
B1-224,50,317,89
B1-224,200,317,87.5
B1-224,450,317,86.5
B1-224,800,317,86
B1-224,1239.5,317,89.5
B1-225,0,0,90
B1-225,102,0,86.3
B1-225,304,0,82.3
B1-225,504,0,81
B1-225,704,0,82
B1-225,904,0,81
B1-225,1104,0,81
B1-225,1304,0,80
B1-225,1704,0,80
B1-225,1904,0,75.5
B1-225,2049.5,0,75.5
B1-226,0,0,90
B1-226,50,0,87.5
B1-226,200,0,88
B1-226,450,0,89
B1-226,800,0,89
B1-226,1072,0,88
B1-226,1239,0,87
B1-226,1539,0,88
B1-226,1779,0,88
B1-227,0,0,90
B1-227,323.5,0,84
B1-227,833.5,0,81.3
B1-227,1163.5,0,78.3
B1-227,1407,0,76.5
B1-227,1607,0,74.5
B1-227,1807,0,75.3
B1-227,1935,0,75.3
B1-227,2094,0,75.3
B1-228,0,0,90
B1-228,250,257,84
B1-228,625,254,85
B1-228,875,254,83.5
B1-228,1150,260,82.5
B1-228,1400,248,81.8
B1-229,0,0,90
B1-229,178,292,87
B1-229,484.5,270,85.8
B1-229,708,267,85.5
B1-229,910.5,265,85.5
B1-229,1118,275,85
B1-229,1318,286,84.5
B1-229,1511,299,83
B1-229,1679,295,84
B1-229,1924,307,78.5
B1-230,0,0,90
B1-230,70,250,89.5
B1-230,275,32,87.8
B1-230,513,295,87.8
B1-230,708,295,88
B1-230,903,295,86
B1-230,1098,253,86.3
B1-230,1297,255,86.3
B1-230,1505,242,87.3
B1-230,1705,187,86.3
B1-231,0,0,90
B1-231,105.5,322,87.8
B1-231,301,329,88
B1-231,496,290,88.8
B1-231,796,246,88
B1-231,1096,244,87
B1-231,1306,233,84.8
B1-231,1504.5,242,82.8
B1-231,1698,210,83
B1-231,1888,190,84
B1-232,0,0,90
B1-232,97,2,87.8
B1-232,294,348,87.8
B1-232,494,327,87.8
B1-232,694,290,89.3
B1-232,894,310,88.3
B1-232,1094,317,86.3
B1-232,1294,305,87
B1-232,1494,279,87.3
B1-232,1734,328,86.5
B1-232,2034,300,86
B1-232,2292,310,84.5
B1-232,2572,315,83.8
B1-233,0,0,90
B1-233,100,4,84.8
B1-233,308,12,81.5
B1-233,518,305,83.5
B1-233,723,320,83
B1-233,923,334,82.8
B1-233,1148,322,82.5
B1-233,1358,325,82.8
B1-233,1568,326,82.3
B1-233,1763,334,82.8
B1-233,1929,340,82.5
B1-234,0,0,90
B1-234,110,182,88.3
B1-234,306,285,87.3
B1-234,496,290,87.5
B1-234,691,280,87.5
B1-234,871,282,85.3
B1-234,1081,287,86
B1-234,1306,295,85
B1-234,1451,288,85.3
B1-234,1616,287,83.3
B1-235,0,0,90
B1-235,120,50,89
B1-235,328,0,89.5
B1-235,508,335,88.5
B1-235,697,330,87.5
B1-235,897,330,86.8
B1-235,1097,323,85
B1-235,1297,330,84.5
B1-235,1497,319,83
B1-235,1718,335,82.8
B1-236,0,0,90
B1-236,148,288,87.8
B1-236,413,312,84.3
B1-236,1003,300,82
B1-236,1303,304,81.8
B1-236,1498,299,80.3
B1-236,1693,300,79.5
B1-236,1843,301,79
B1-236,2011.5,300,77
B1-237,0,0,90
B1-237,197,325,85.5
B1-237,394,262,87.3
B1-237,694,250,87.3
B1-237,994,250,87.3
B1-237,1194,297,87.5
B1-237,1394,300,87.3
B1-237,1546,300,87.3
B1-238,0,0,90
B1-238,105,305,88.5
B1-238,315,296,88.5
B1-238,510,290,86.5
B1-238,705,290,84
B1-238,915,293,83.5
B1-238,1110,294,83.5
B1-238,1305,311,84
B1-238,1515,329,81.8
B1-238,1710,297,80.3
B1-238,1905,318,80
B1-238,2053,320,79.8
B1-239,0,0,90
B1-239,112,296,89.5
B1-239,324,302,88.3
B1-239,524,283,88
B1-239,724,291,87.5
B1-239,924,268,88
B1-239,1124,253,88
B1-239,1431.5,280,86.8
B1-239,1749,283,86.5
B1-239,1942,285,86.3
B1-240,0,0,90
B1-240,95,341,84.8
B1-240,385,330,83
B1-240,685,325,82.3
B1-240,895,328,80.5
B1-240,1195,292,83.3
B1-240,1465,285,83
B1-240,1634.5,290,81.8
B1-240,1819,323,82
B1-240,1972,330,82
B1-241,0,0,90
B1-241,133,152,89.3
B1-241,371,210,88.5
B1-241,581,247,87.3
B1-241,791,273,87
B1-241,1001,273,84.8
B1-241,1211,263,86.8
B1-241,1526,277,85
B1-241,1849.5,277,85
B1-242,0,0,90
B1-242,105,212,89.8
B1-242,310,66,89
B1-242,510,320,89.3
B1-242,710,306,88.3
B1-242,912,298,86.3
B1-242,1124,284,85.5
B1-242,1334,251,84.8
B1-242,1535.5,211,82.8
B1-242,1727,263,83
B1-242,1887,295,82.5
B1-242,1990,295,82.5
B1-243,0,0,90
B1-243,117,280,89.8
B1-243,399,165,89.8
B1-243,669,322,87.3
B1-243,924,283,86.5
B1-243,1179,300,84.5
B1-243,1389,318,82.8
B1-243,1599,328,83.3
B1-243,1821.5,317,84
B1-243,1988.5,317,84
B1-244,0,0,90
B1-244,120,195,89.3
B1-244,390,227,88.5
B1-244,854.5,270,86.5
B1-244,1346,280,83.3
B1-244,1602,310,83
B1-244,1813.5,291,82.8
B1-244,2013,291,82.8
B1-245,0,0,90
B1-245,107,319,87
B1-245,314,332,86
B1-245,514,323,83
B1-245,714,323,78
B1-245,914,326,75
B1-245,1114,323,73
B1-245,1332.5,325,72
B1-245,1551,322,72
B1-245,1751,323,73
B1-245,1880.5,323,73
B1-246,0,0,90
B1-246,110.5,270,88.3
B1-246,321,273,84.8
B1-246,521,273,84.8
B1-246,721,270,82
B1-246,921,274,80.5
B1-246,1110.5,279,80
B1-246,1300,284,78
B1-246,1510,289,77
B1-246,1710,285,78
B1-246,1908,285,78
B1-247,0,0,90
B1-247,132,315,85.8
B1-247,444,307,82.3
B1-247,609,310,83
B1-247,924,327,81
B1-247,1179,332,81
B1-247,1329,330,77
B1-247,1539,330,75
B1-247,1781.5,309,75
B1-247,1957,309,75
B1-248,0,0,90
B1-248,117,258,86.8
B1-248,339,277,83.5
B1-248,549,292,81.5
B1-248,759,312,78
B1-248,969,313,77
B1-248,1179,310,76
B1-248,1374,314,75
B1-248,1677,313,74
B1-248,1911.5,313,74
B1-249,0,0,90
B1-249,103.5,197,87.8
B1-249,297,164,86.8
B1-249,477,176,86
B1-249,642,165,85.3
B1-249,908.5,189,83.5
B1-249,1200,213,80
B1-249,1400,220,79
B1-249,1600,222,79
B1-249,1865,192,78.5
B1-250,0,0,90
B1-250,112,202,89.3
B1-250,323,221,88.3
B1-250,523,239,88.3
B1-250,723,226,87.5
B1-250,923,230,87.8
B1-250,1223,231,88.3
B1-250,1598,261,88.8
B1-250,1848,261,88.3
B1-250,1964,261,88.3
B1-251,0,0,90
B1-251,107,225,87
B1-251,314,229,86
B1-251,514,270,87
B1-251,714,288,85.5
B1-251,914,290,85.5
B1-251,1164,304,84
B1-251,1414,302,84
B1-251,1614,317,82.3
B1-251,1729.5,317,82.3
B1-252,0,0,90
B1-252,102,290,88.8
B1-252,309,263,86.8
B1-252,624,315,79
B1-252,939,303,77
B1-252,1149,301,77
B1-252,1359,308,77
B1-252,1688,317,77
B1-252,1997,315,77
B1-253,0,0,90
B1-253,107,45,88
B1-253,314,39,89
B1-253,514,143,87.8
B1-253,714,97,86.8
B1-253,914,110,87.3
B1-253,1114,276,86.5
B1-253,1264,305,85.3
B1-253,1464,232,86.8
B1-253,1714,180,86.3
B1-253,1884.5,140,86
B1-254,0,0,90
B1-254,107,285,88.8
B1-254,314,284,87
B1-254,514,277,85.8
B1-254,814,297,85
B1-254,1114,340,84
B1-254,1314,348,82.5
B1-254,1514,350,82
B1-254,1739,329,82
B1-254,1974.5,320,82
B1-255,0,0,90
B1-255,120.5,292,87
B1-255,341,307,85.8
B1-255,546,296,82
B1-255,756,289,79.5
B1-255,1071,282,77
B1-255,1386,287,74
B1-255,1596,290,73
B1-256,0,0,90
B1-256,107,55,88.3
B1-256,314,62,87
B1-256,514,43,85.8
B1-256,627,43,85.8
B1-257,0,0,90
B1-257,129.5,185,84
B1-257,359,269,82.3
B1-257,559,283,79
B1-257,759,289,77
B1-257,959,295,75
B1-257,1159,299,74
B1-257,1359,290,75.5
B1-257,1559,297,77
B1-257,1759,293,77
B1-257,1872,295,77
B1-258,0,0,90
B1-258,106,332,87.8
B1-258,312,228,86.8
B1-258,512,10,88.8
B1-258,683.5,10,88.8
B1-259,0,0,90
B1-259,110.5,333,88.8
B1-259,321,311,87.5
B1-259,521,303,86.8
B1-259,721,302,86
B1-259,921,302,83.8
B1-259,1096,332,85.3
B1-259,1271,337,84.8
B1-259,1471,340,84.5
B1-259,1671,339,83.8
B1-260,0,0,90
B1-260,107,303,87.8
B1-260,314,0,88.3
B1-260,514,89,87.3
B1-260,714,62,87.5
B1-260,884.5,62,87.5
B1-261,0,0,90
B1-261,100,280,89.3
B1-261,300,284,88
B1-261,500,350,81.5
B1-261,700,271,82
B1-261,900,285,80
B1-261,1105,300,78
B1-261,1311,299,76
B1-261,1511,301,75
B1-261,1711,311,75
B1-261,1883,320,73
B1-261,1995,325,72
B1-262,0,0,90
B1-262,77.5,225,87.3
B1-262,260,271,85.8
B1-262,575,285,81
B1-262,890,272,82.3
B1-262,1100,263,81.8
B1-262,1310,254,80
B1-262,1520,256,79.8
B1-262,1730,268,79.5
B1-263,0,0,90
B1-263,93.5,5,87.5
B1-263,287,12,89
B1-263,587,272,81.8
B1-263,887,136,86.3
B1-263,1087,121,85.5
B1-263,1213.5,121,85.5
B1-264,0,0,90
B1-264,90,204,89
B1-264,273,335,88.5
B1-264,461,317,86
B1-264,631,355,87.3
B1-265,0,0,90
B1-265,100,164,86.8
B1-265,300,130,88.5
B1-265,468.8,153,85.5
B1-266,0,0,90
B1-266,95,1,86.8
B1-266,295,13,85.8
B1-266,505,314,87.3
B1-266,700,303,88
B1-266,880,160,89.3
B1-266,1077.5,158,85.3
B1-267,0,0,90
B1-267,105.5,351,87
B1-267,311,56,86.8
B1-267,511,18,88
B1-267,711,98,87.8
B1-267,931,99,87.8
B1-268,0,0,90
B1-268,100,310,85
B1-268,300,289,84
B1-268,500,292,83
B1-268,800,288,82.3
B1-268,1100,292,81.8
B1-268,1375,325,82
B1-268,1625,271,82
B1-268,1800,320,80.3
B1-269,0,0,90
B1-269,113,188,88
B1-269,316,170,86.8
B1-269,496,184,86.3
B1-269,676,176,84.3
B1-269,856,139,81
B1-269,1066,150,77
B1-269,1291,150,78
B1-270,0,0,90
B1-270,75.5,168,85
B1-270,231,158,86.7
B1-270,383.5,153,85.8
B1-271,0,0,90
B1-271,100,250,87
B1-271,300,330,88
B1-271,500,300,88
B1-271,700,83,87.5
B1-271,900,100,86
B1-272,0,0,90
B1-272,187,251,88.5
B1-272,464,265,87.8
B1-272,644,290,86.8
B1-272,824,337,87
B1-272,1004,337,86
B1-272,1184,297,80.5
B1-272,1364,342,83
B1-272,1544,350,83
B1-272,1694,337,83.5
B1-273,0,0,90
B1-273,128,320,78.5
B1-273,356,340,81.3
B1-273,556,342,81.5
B1-273,756,343,81
B1-273,956,343,81
B1-276,0,0,90
B1-276,102.5,345,89
B1-276,342,309,89.3
B1-276,609,160,89
B1-276,839,143,88.5
B1-276,1039,148,87.3
B1-276,1239,134,84.3
B1-277,0,0,90
B1-277,105,349,88.3
B1-277,315,325,88.5
B1-277,525,6,86.8
B1-277,735,26,85.3
B1-277,945,359,83.8
B1-277,1110,325,82.5
B1-277,1241.5,5,83
B1-277,1389,33,81.3
B1-277,1550,5,81.5
B1-278,0,0,90
B1-278,100.5,215,87.5
B1-278,306,218,86.8
B1-278,516,273,88
B1-278,713.5,295,88
B1-278,881,298,85.5
B1-279,0,0,90
B1-279,132,109,88.3
B1-279,364,118,88.5
B1-279,564,70,89.8
B1-279,764,10,88.8
B1-279,964,331,88.5
B1-279,1164,328,88.3
B1-279,1364,300,87.5
B1-280,0,0,90
B1-280,100.5,325,86.3
B1-280,306,337,80.8
B1-280,621,345,84
B1-280,921,338,84
B1-281,0,0,90
B1-281,105.5,230,88
B1-281,326,260,87.8
B1-281,536,277,85.5
B1-281,746,296,81.8
B1-281,956,300,81
B1-281,1166,300,79
B1-281,1376,300,77
B1-281,1540,310,77
B1-281,1710,291,78
B1-281,1910,296,78
B1-282,0,0,90
B1-282,80,307,87
B1-282,241,331,84.8
B1-282,402,334,83.8
B1-283,0,0,44
B1-283,120,344,44
B1-283,300,345,46
B1-283,420,346,47
B1-284,0,0,90
B1-284,77,70,88
B1-284,219,54,87
B1-284,349,9,86
B1-285,0,0,90
B1-285,50,25,89.8
B1-285,200,177,87.3
B1-285,400,197,83
B1-285,600,203,82.3
B1-285,800,212,82.3
B1-285,962.5,216,81.8
B1-286,0,0,90
B1-286,91,302,89.5
B1-286,282,320,89.3
B1-286,482,310,88.3
B1-286,682,327,85.5
B1-287,0,0,38
B1-287,98.5,352,36
B1-287,197,350,38
B1-287,347,349,37
B1-288,0,0,90
B1-288,50,312,88.8
B1-288,200,290,87
B1-288,400,295,86.8
B1-288,600,298,86.5
B1-288,800,273,87.8
B1-288,1000,272,87.3
B1-288,1200,272,87
B1-288,1400,272,86.5
B1-288,1625,274,86
B1-289,0,0,90
B1-289,110.5,344,87.3
B1-289,326,1,86.5
B1-289,541,359,86.5
B1-289,751,10,86.8
B1-289,956,25,87.3
B1-289,1168.5,40,86
B1-290,0,0,90
B1-290,194.5,54,87.5
B1-290,489,42,86.8
B1-290,689,24,85.3
B1-291,0,0,90
B1-291,50,160,87
B1-291,200,152,87
B1-291,400,159,86
B1-291,600,160,86.3
B1-291,800,140,86
B1-291,1000,105,85.8
B1-291,1200,119,85
B1-292,0,0,90
B1-292,121.5,260,89.8
B1-292,343,210,89.3
B1-292,543,295,88
B1-292,743,305,87.5
B1-292,943,285,87.8
B1-293,0,0,90
B1-293,50,178,89.8
B1-293,200,183,85.5
B1-293,400,203,83.5
B1-293,600,212,81
B1-293,800,226,80.5
B1-293,1000,229,80.5
B1-293,1225,232,80
B1-293,1425,234,80
B1-293,1625,238,78
B1-293,1825,218,76
B1-294,0,0,90
B1-294,100,90,89.3
B1-294,300,64,89
B1-294,500,76,88.3
B1-294,759.5,62,87
B1-295,0,0,90
B1-295,110.5,332,87
B1-295,326,92,85
B1-295,536,120,86
B1-295,747.5,170,84.5
B1-295,959,246,81.8
B1-295,1169,275,87
B1-295,1379,265,86
B1-295,1589,270,85
B1-295,1754,265,85.5
B1-295,1865,274,85.5
B1-295,2021,279,82.8
B1-296,0,0,90
B1-296,117,352,87.5
B1-296,339,340,88.3
B1-296,549,325,87.3
B1-296,759,277,85.8
B1-296,969,308,85.3
B1-296,1179,325,83.5
B1-296,1389,324,84.5
B1-297,0,0,90
B1-297,69.5,204,88.5
B1-297,244,186,84.8
B1-297,454,237,84
B1-297,664,212,87.8
B1-297,874,230,87.8
B1-297,1084,224,87.3
B1-297,1294,230,86.5
B1-297,1504,225,83.5
B1-298,0,0,90
B1-298,103.5,240,89.8
B1-298,277,202,89.3
B1-298,417,211,88
B1-298,587,249,87.8
B1-298,792,292,86.3
B1-298,1027,332,87.3
B1-298,1257,319,87.3
B1-299,0,0,90
B1-299,50,135,88.5
B1-299,150,110,86.3
B1-299,250,135,82
B1-299,400,110,78
B1-299,600,135,76.5
B1-299,800,140,70
B1-299,1000,145,67
B1-299,1200,155,66
B1-299,1400,165,68
B1-299,1625,165,73
B1-299,1825,163,76
B1-300,0,0,90
B1-300,50,121,88
B1-300,200,152,83.8
B1-300,400,178,82.3
B1-300,600,193,82.8
B1-300,800,219,81.8
B1-300,1000,223,80.8
B1-300,1200,242,80.8
B1-300,1400,263,78.5
B1-300,1612.5,275,78.5
B1-301,0,0,90
B1-301,147,320,89
B1-301,399,297,87.3
B1-301,589,305,88
B1-301,784,280,87.8
B1-301,999,250,87.5
B1-301,1194,248,87.8
B1-301,1389,175,89.5
B1-301,1597,105,88.5
B1-302,0,0,90
B1-302,102,263,87.8
B1-302,314,232,88.3
B1-302,525.5,30,89
B1-302,715.5,352,88
B1-302,910.5,344,87
B1-302,1122,338,84.8
B1-302,1275.5,337,83.8
B1-302,1447,333,82.3
B1-302,1665,329,81.3
B1-302,1800,328,80
B1-303,0,0,90
B1-303,50,335,89.5
B1-303,150,340,89.3
B1-303,250,315,89.5
B1-303,350,335,89.3
B1-303,450,335,89
B1-303,550,310,89.3
B1-303,640,325,89.3
B1-303,790,300,89.3
B1-303,1000,310,89
B1-303,1200,300,88.8
B1-303,1400,295,87.8
B1-303,1600,262,86.5
B1-304,0,0,90
B1-304,90.5,172,86.5
B1-304,286.5,183,85.8
B1-304,490,142,84.5
B1-304,692,213,84.3
B1-304,886,205,82.3
B1-304,1081,197,82
B1-304,1291,189,80
B1-304,1501,181,78
B1-305,0,0,90
B1-305,124.5,195,88.3
B1-305,349,152,86.8
B1-305,549,156,86.8
B1-305,749,127,87.5
B1-305,949,117,85.8
B1-305,1149,105,84.8
B1-306,0,0,90
B1-306,50,219,88.5
B1-306,200,248,88
B1-306,400,248,88
B1-306,600,241,87.8
B1-306,800,242,87.3
B1-306,1000,232,87.3
B1-306,1200,254,87
B1-306,1400,251,87.3
B1-307,0,0,90
B1-307,103,102,89
B1-307,306,130,88.8
B1-307,506,230,88.8
B1-307,711,232,87.8
B1-307,921,243,86.8
B1-307,1131,216,87.3
B1-307,1341,317,84
B1-308,0,0,90
B1-308,50,340,89.8
B1-308,200,350,89.8
B1-308,400,176,89
B1-308,600,181,89
B1-308,800,185,89
B1-308,1000,226,88.8
B1-308,1200,250,88.8
B1-308,1400,269,88.5
B1-308,1625,252,87
B1-309,0,0,90
B1-309,177,317,86
B1-309,459,332,85.5
B1-309,669,333,81.8
B1-309,879,331,80.3
B1-309,1089,328,79.5
B1-310,0,0,90
B1-310,50,171,89.3
B1-310,150,176,88.8
B1-310,275,10,89.5
B1-311,0,0,90
B1-311,50,50,89.8
B1-311,200,200,89.5
B1-311,400,207,87.3
B1-311,600,223,86.5
B1-312,0,0,90
B1-312,50,263,88.3
B1-312,200,214,86.8
B1-312,400,203,86.8
B1-312,600,212,87
B1-312,825,205,87
B1-312,1050,217,86.8
B1-313,0,349,45
B1-313,38.5,349,44.5
B1-313,127,350,45
B1-313,227,345,45
B1-314,0,0,90
B1-314,100,5,89.3
B1-314,300,25,89
B1-314,500,30,89.3
B1-314,700,45,89.5
B1-315,0,0,90
B1-315,50,210,89.8
B1-315,200,315,89.5
B1-315,400,265,88.5
B1-315,600,280,88.8
B1-315,800,250,88.8
B1-315,1000,200,88.3
B1-315,1200,235,86.3
B1-315,1400,280,88
B1-315,1601.5,270,88.5
B1-316,0,0,90
B1-316,68,155,88
B1-316,241,225,88.3
B1-316,451,205,86
B1-316,661,196,84.2
B1-316,871,189,83
B1-316,1186,168,83.3
B1-316,1491,149,83
B1-318,0,0,90
B1-318,50,150,88.8
B1-318,200,182,88.3
B1-318,400,197,87.8
B1-318,600,185,87.8
B1-318,800,218,88
B1-318,1000,235,87.8
B1-319,0,0,90
B1-319,112,152,86
B1-319,329,148,87.3
B1-319,539,180,88.3
B1-319,742,254,87
B1-319,945,280,87
B1-319,1177,239,87.5
B1-320,0,0,90
B1-320,127,263,86.8
B1-320,359,264,86
B1-320,569,257,84.3
B1-320,779,248,83.8
B1-320,1094,222,81.8
B1-320,1409,250,82.3
B1-320,1619,253,82.3
B1-320,1829,182,82.5
B1-321,0,0,90
B1-321,48.5,7,88
B1-321,142,358,87.8
B1-321,232,342,87.8
B1-321E,0,0,90
B1-321E,90000,0,90
B1-321NE,0,0,90
B1-321NE,90000,0,90
B1-321NW,0,0,90
B1-321NW,90000,0,90
B1-321S,0,0,90
B1-321S,90000,0,90
B1-321SE,0,0,90
B1-321SE,90000,0,90
B1-321SW,0,0,90
B1-321SW,90000,0,90
B1-322,0,0,90
B1-322,56.5,40,87.8
B1-322,203,304,88.8
B1-322,383,315,86.5
B1-323,0,0,90
B1-323,57,70,86.8
B1-323,204,53,87
B1-323,384,54,86.3
B1-323,564,82,86
B1-324,0,0,90
B1-324,70.5,168,88.8
B1-324,246,185,88.8
B1-324,456,175,89
B1-324,666,210,89.8
B1-324,876,132,89.8
B1-324,1086,220,89.8
B1-324,1296,190,89.8
B1-325,0,0,90
B1-325,105.5,59,88.8
B1-325,311,312,87
B1-325,585,295,85.3
B1-325,864,312,85.8
B1-326,0,327,45
B1-326,93,335,45
B1-326,186,340,46
B1-326,396,335,49
B1-327,0,0,90
B1-327,47.5,260,88.8
B1-327,185,287,86
B1-327,370,300,84.3
B1-327,570,293,82.8
B1-327,780,312,82.3
B1-327,990,304,80.5
B1-327,1200,308,79
B1-327,1410,313,78.5
B1-327,1620,310,78.5
B1-327,1830,310,77
B1-327,2065,303,76
B1-328,0,0,90
B1-328,90,145,89.8
B1-328,285,110,88.3
B1-330,0,0,90
B1-330,113.5,288,88.8
B1-330,437,264,88
B1-330,752,278,87.8
B1-330,942,249,87.3
B1-330,1132,280,87
B1-330,1335,291,86
B1-330,1538,265,84
B1-330,1748,292,84.8
B1-330,1938,268,82.3
B1-331,0,0,90
B1-331,97,337,87.8
B1-331,299,290,87.5
B1-331,509,303,87.3
B1-332,0,336,62
B1-332,309,349,63
B1-333,0,0,90
B1-333,54,128,88.5
B1-333,213,9,87.8
B1-333,423,339,87.3
B1-333,633,27,88.3
B1-334,0,0,90
B1-334,82,31,88.5
B1-334,269,149,88.8
B1-334,479,160,87.5
B1-334,689,79,88
B1-334,899,352,86.3
B1-335,0,332,77
B1-335,197.5,348,78
B1-335,335,339,78
B1-336,0,0,90
B1-336,95.5,34,87
B1-336,291,31,83
B1-337,0,0,90
B1-337,105,0,85.5
B1-337,310,20,83
B1-337,510,335,84.3
B1-338,0,0,90
B1-338,116.5,120,89
B1-338,333,39,86.3
B1-338,523,303,87
B1-338,698,295,86.8
B1-339,0,321,46
B1-339,191,329,47
B1-339,321,323,49
B1-340,0,0,90
B1-340,95.5,292,88.3
B1-340,291,335,89
B1-340,483.5,13,84.3
B1-341,0,333,50
B1-341,269,333,51
B1-341,474,330,52
B1-342,0,0,90
B1-342,85,303,89
B1-342,275,146,88.8
B1-342,485,328,87.5
B1-342,695,316,85.3
B1-343,0,331,55
B1-343,243,332,57
B1-344,0,0,90
B1-344,55,335,89.8
B1-344,185,340,89.3
B1-344,460,325,88
B1-344,760,300,87.5
B1-345,0,326,59
B1-345,195,327,60
B1-345,375,329,61
B1-345,620,325,61
B1-346,0,336,48
B1-346,220,336,53
B1-347,0,0,90
B1-347,30.5,0,89
B1-347,136,336,87.8
B1-347,286,340,88
B1-348,0,0,90
B1-348,110,315,89.8
B1-348,325,315,89.8
B1-348,535,290,89.5
B1-348,745,280,89.3
B1-349,0,338,49
B1-349,151,336,50
B1-349,251,336,52
B1-350,0,0,90
B1-350,72.5,50,88.8
B1-350,245,70,87.5
B1-350,445,45,86.8
B1-351,0,341,60
B1-351,90.5,341,62
B1-351,261,337,63
B1-352,0,335,58
B1-352,300,329,59.5
B1-352,500,327,60.5
B1-352,700,334,60
B1-353,0,0,90
B1-353,112,60,88.3
B1-353,434,62,86.3
B1-354,0,346,58
B1-354,87,346,58
B1-354,234,343,59
B1-354,354,342,60
B1-355,0,0,90
B1-355,75,231,89
B1-355,225,251,89
B1-355,405,291,87.8
B1-355,615,314,87.3
B1-355,930,339,85
B1-355,1245,338,84
B1-355,1455,342,82
B1-355,1650,338,81.3
B1-356,0,0,90
B1-356,115,150,89.7
B1-356,350,330,87.5
B1-356,575,314,87
B1-356,785,298,86.3
B1-356,995,301,86
B1-356,1205,265,85.7
B1-356,1418,217,87.3
B1-356,1641,132,84.3
B1-357,0,0,90
B1-357,75,210,88.5
B1-357,225,270,89
B1-357,375,270,88
B1-357,525,260,86.5
B1-357,675,261,86
B1-357,825,259,84.5
B1-357,975,265,84
B1-357,1140,279,83
B1-357,1305,254,83.5
B1-357,1455,249,83
B1-357,1585,253,83.5
B1-358,0,0,90
B1-358,75,43,85.8
B1-358,222.5,350,86.3
B1-358,400,343,84.8
B1-358,820,341,85
B1-358,1240,320,85
B1-358,1422.5,301,84
B1-358,1600,297,83
B1-359,0,0,90
B1-359,84.5,326,87.8
B1-359,379,330,86.3
B1-359,694,0,85.3
B1-359,1009,316,85.8
B1-359,1399,329,82.3
B1-359,1669,335,82
B1-360,0,0,90
B1-360,97,0,85.5
B1-360,299,0,89
B1-360,509,321,88
B1-360,719,316,88.3
B1-360,929,285,89
B1-360,1129,235,88
B1-360,1319,274,85.3
B1-360,1504,275,86
B1-361,0,0,90
B1-361,204,87,86.5
B1-361,513,98,84.5
B1-361,828,100,81.3
B1-361,1143,97,80.8
B1-361,1353,107,81
B1-361,1494,112,82.5
B1-361,1580,109,84
B1-361,1680,103,84.5
B1-361,1873,108,83
B1-362,0,0,90
B1-362,105,340,88
B1-362,315,301,88.8
B1-362,525,257,88.3
B1-362,735,313,88.8
B1-362,945,351,88.3
B1-362,1155,228,86
B1-362,1365,183,84.5
B1-362,1575,208,85
B1-363,0,0,90
B1-363,112,308,87.8
B1-363,329,219,85.5
B1-363,539,289,86.8
B1-363,749,220,89
B1-363,959,135,83.5
B1-363,1274,130,79
B1-363,1544,135,78
B1-364,0,0,90
B1-364,117,350,89
B1-364,339,340,88.8
B1-364,549,8,86.7
B1-364,752.5,141,85.8
B1-364,941,168,82.3
B1-364,1226,150,81
B1-364,1511,148,79
B1-365,0,0,90
B1-365,100,324,85.5
B1-365,300,315,85.5
B1-365,500,342,81.3
B1-366,0,335,73.5
B1-366,307,330,75
B1-366,507,349,72
B1-367,0,0,90
B1-367,90,134,86.8
B1-367,285,142,85.8
B1-367,570,94,84.5
B1-367,960,130,84
B1-367,1275,140,82
B1-367,1487.5,132,79
B1-368,0,0,90
B1-368,100,260,89
B1-368,300,290,88.5
B1-368,600,287,87.8
B1-368,900,282,87
B1-368,1070,280,86
B1-368,1273,207,85.5
B1-368,1481,306,86.5
B1-368,1631,210,89.8
B1-369,0,0,90
B1-369,129,18,88
B1-369,358,14,89
B1-369,558,212,89
B1-369,758,186,87.3
B1-369,1058,223,79.8
B1-370,0,325,36
B1-370,146,329,36
B1-370,226,350,38
B1-371,0,0,90
B1-371,65,273,88.5
B1-371,235,237,87.3
B1-371,395,254,87.8
B1-371,550,255,87.8
B1-371,810,258,84
B1-371,1075,264,82.5
B1-371,1270,279,80.3
B1-371,1452,270,81
B1-371,1634,284,79
B1-371,1814,289,78
B1-372,0,0,90
B1-372,97.5,26,87.8
B1-372,300,17,86.3
B1-372,510,15,87.5
B1-372,720,18,87.5
B1-372,930,60,87.8
B1-372,1135,81,87.5
B1-373,0,0,90
B1-373,120,75,85.5
B1-373,345,39,85.3
B1-373,555,288,84
B1-374,0,0,90
B1-374,107.5,170,89.8
B1-374,315,8,88.5
B1-375,0,0,90
B1-375,90000,0,90
B1-376,0,0,90
B1-376,101,338,87.3
B1-376,306,330,85.9
B1-376,600,348,82.1
B1-377,0,0,90
B1-377,102.5,325,88.5
B1-377,305,295,88.3
B1-377,505,295,87.8
B1-378,0,0,90
B1-378,94.5,230,86
B1-378,289,257,86.3
B1-378,489,260,86.5
B1-378,676.5,264,86.8
B1-378,856.5,282,87.8
B1-379,0,0,90
B1-379,85,355,86.8
B1-379,275,1,83
B1-379,485,5,80.8
B1-379,695,359,80
B1-379,905,38,80.5
B1-380,0,0,90
B1-380,35.5,193,87
B1-380,161,348,86.3
B1-380,356,350,83.3
B1-380,551,352,81.5
B1-380,731,349,79
B1-380,952.5,337,79
B1-380,1144,331,78.3
B1-381,0,0,90
B1-381,86.5,25,82
B1-381,248,23,80
B1-381,428,3,78.5
B1-381,638,345,79
B1-381,828,356,79.5
B1-381,988,355,81.5
B1-382,0,0,90
B1-382,57.5,355,89.3
B1-382,215,310,89.5
B1-382,415,315,88.5
B1-382,715,330,87.3
B1-383,0,0,90
B1-383,37,352,88.3
B1-383,104,351,88.3
B1-383,179,352,87.5
B1-383,252.5,353,87
B1-383,326,348,85.8
B1-383,480.5,337,85
B1-383,665,313,84.7
B1-383,815,321,83.8
B1-383,977,325,81
B1-384,0,0,90
B1-384,105,350,88.7
B1-384,315,0,87.7
B1-384,525,328,86.3
B1-384,720,7,82.9
B1-384,855,3,84.9
B1-384,945,357,84.9
B1-385,0,0,90
B1-385,35.5,330,89.8
B1-385,101,225,89.8
B1-385,146,45,89.5
B1-385,176,10,89
B1-385,205,1,89
B1-385,249,5,89.3
B1-385,310,359,87.3
B1-385,385,357,86.3
B1-385,484.5,352,86.3
B1-385,589.5,357,86.3
B1-385,664.5,351,86
B1-385,735,357,86.3
B1-385,828,3,86
B1-385,920.5,345,86.3
B1-385,1010.5,344,86.3
B1-385,1100.5,341,85
B1-385,1190,328,84.5
B1-386,0,0,90
B1-386,88,43,87.7
B1-386,386,296,87.3
B1-386,701,255,89.2
B1-386,866,255,88.9
B1-386,986,167,84.5
B1-387,0,0,90
B1-387,53,135,88.3
B1-387,206,164,88.5
B1-387,406,169,89
B1-387,606,150,89
B1-387,791,159,89
B1-388,0,0,90
B1-388,77,20,88.3
B1-388,244,15,88
B1-388,424,335,86.5
B1-388,694,333,85.5
B1-389,0,0,90
B1-389,142,262,89
B1-389,389,307,88
B1-389,599,218,85.3
B1-389,805.5,343,84
B1-389,992,325,82.3
B1-389,1167,336,81.5
B1-390,0,0,90
B1-390,129.5,350,84.5
B1-390,384,341,83
B1-390,609,338,82
B1-390,809,330,80.5
B1-390,1009,323,80
B1-390,1209,326,80
B1-392,0,0,90
B1-392,200,327,87
B1-392,500,327,83
B1-392,700,327,80
B1-392,900,327,81.5
B1-392,1100,327,82
B1-393,0,0,90
B1-393,90000,0,90
B1-394,0,0,90
B1-394,134.5,315,88.3
B1-394,359,320,87.5
B1-394,539,308,86
B1-394,719,302,85
B1-394,899,303,84
B1-394,1079,307,83.5
B1-394,1259,303,84
B1-394,1412,290,85
B1-394,1580,273,84.5
B1-395,0,0,90
B1-395,100,351,86.8
B1-395,305,346,85.3
B1-395,515,278,83.8
B1-395,725,323,84
B1-395,920,309,82.5
B1-395,1100,324,82.8
B1-396,0,0,90
B1-396,105,342,87.3
B1-396,315,349,87.2
B1-396,525,317,85.8
B1-396,735,348,86.7
B1-396,930,350,85.5
B1-397,0,110,87
B1-397,117.5,110,87
B1-397,410,111,87
B1-397,690,102,87.8
B1-397,900,88,87
B1-397,1050,101,87.3
B1-398,0,0,90
B1-398,97.5,307,87
B1-398,300,308,84.3
B1-398,510,301,84.3
B1-398,690,312,84
B1-398,870,298,85.8
B1-398,1070,321,83.8
B1-399,0,0,90
B1-399,118.5,32,87.3
B1-399,342,12,85.5
B1-399,552,348,83.8
B1-399,762,358,84
B1-399,972,0,84.7
B1-399,1152,344,84
B1-400,0,0,90
B1-400,149,214,88.7
B1-400,403,221,88.3
B1-400,613,193,87.8
B1-400,808,253,84.3
B1-401,0,355,88.8
B1-401,48,355,88.8
B1-401,201,310,88.8
B1-401,426,330,88
B1-401,645,298,85.8
B1-401,834,344,86.7
B1-402,0,0,90
B1-402,112,15,89.5
B1-402,329,25,86.8
B1-402,539,318,86.8
B1-402,719,328,85
B1-402,854,356,84.8
B1-402,1031,313,85.3
B1-403,0,0,88.7
B1-403,102,312,88.7
B1-403,294,317,88.7
B1-403,474,321,87.8
B1-404,0,0,90
B1-404,112,333,88.3
B1-404,329,45,84.8
B1-404,539,48,83.3
B1-404,749,321,84.9
B1-404,914,315,85.2
B1-405,0,0,90
B1-405,108,187,88.3
B1-405,316,165,87.7
B1-405,616,120,88
B1-405,916,133,87.9
B1-406,0,0,90
B1-406,112,2,89
B1-406,314,34,89.8
B1-406,494,30,88.5
B1-406,674,43,88
B1-406,914,25,88.3
B1-407,0,0,90
B1-407,245,320,88
B1-407,589,325,87.1
B1-407,789,323,86.9
B1-408,0,0,90
B1-408,99.5,120,89.3
B1-408,289,87,88.9
B1-408,484,133,89.1
B1-408,694,181,89.2
B1-408,889,170,89
B1-409,0,0,90
B1-409,112,23,85.5
B1-409,329,267,84.8
B1-409,539,279,82
B1-409,749,283,82
B1-409,944,273,80
B1-409,1124,291,81
B1-409,1304,278,80
B1-409,1484,334,79
B1-409,1649,281,78
B1-410,0,0,90
B1-410,102,313,88
B1-410,309,299,87
B1-410,474,294,86.8
B1-410,594,293,86.4
B1-411,0,0,90
B1-411,135,245,87
B1-411,359,268,87
B1-412,0,0,90
B1-412,112,36,86.6
B1-412,329,5,82.7
B1-412,539,311,82.8
B1-412,764,16,85.2
B1-412,899,17,85.1
B1-412,1019,29,87.4
B1-413,0,0,90
B1-413,54.5,193,89.2
B1-413,209,215,88.3
B1-413,409,260,89
B1-414,0,0,90
B1-414,99.5,345,88.8
B1-414,304,281,87
B1-414,514,11,86.5
B1-414,724,300,86.8
B1-414,934,340,87.5
B1-414,1191.5,303,85.3
B1-414,1506.5,300,86
B1-414,1856.5,286,82
B1-415,0,0,90
B1-415,50,258,89.3
B1-415,170,341,88.5
B1-416,0,0,90
B1-416,57,288,88.3
B1-416,217,14,87.8
B1-417,0,0,90
B1-417,94.5,343,86
B1-418,0,0,90
B1-418,35,1,88.5
B1-418,127.5,24,86.1
B1-419,0,0,90
B1-419,57,303,86.1
B1-419,204,16,85.3
B1-419,399,27,83.8
B1-420,0,0,90
B1-420,132,260,85.5
B1-420,389,261,85.6
B1-420,639,288,83.5
B1-420,889,290,81
B1-420,1114,287,79
B1-420,1314,291,78.5
B1-420,1515,311,77.5
B1-421,0,0,90
B1-421,90000,0,90
B1-429,0,0,90
B1-429,127,182,81.5
B1-429,389,329,82
B1-429,652,331,80
B1-429,885,325,77.5
B1-429,1085,325,77
B1-429,1230,325,78
B1-430,0,0,90
B1-430,129.5,172,85.5
B1-430,364,203,88.3
B1-430,574,90,86.5
B1-430,784,112,83.5
B1-430,1084,202,85.3
B1-430,1369,285,82.5
B1-430,1549,293,85.8
B1-430,1729,290,84
B1-430,1922,274,78.5
BA-1,0,0,90
BA-1,90000,0,90
BA-2,0,0,90
BA-2,90000,0,90
RMC-59029,0,0,90
RMC-59029,90000,0,90
RMC-65246,0,0,90
RMC-65246,90000,0,90
RMC-66225,0,0,90
RMC-66225,90000,0,90
RMC-66305,0,0,90
RMC-66305,90000,0,90
RMC-66313,0,0,90
RMC-66313,90000,0,90
